theta,"TF dB (d=0.5, beta=0)","TF dB (d=0.5, beta=90)","TF dB (d=1.0, beta=0)","TF dB (d=1.0, beta=90)"
0.001,-184.18226634418875,-179.65399696082545,-62.09794808688444,-174.765747536805
0.004143736389979773,-147.15261080921044,-142.61881339189193,-49.75009402026123,-137.72668867059843
0.007287472779959546,-132.4416827826253,-127.90806483027673,-44.8463716214125,-123.01516344405789
0.01043120916993932,-123.09624436216778,-118.56299662860394,-41.73117762367511,-113.66894937753597
0.013574945559919092,-116.23204486519855,-111.69930914471728,-39.443055351605594,-106.80371626972389
0.016718681949898867,-110.80421166759136,-106.27212442325592,-37.63371003429144,-101.37458308852914
0.01986241833987864,-106.31440852712225,-101.78310506217178,-36.13702923808303,-96.88321204760265
0.023006154729858414,-102.48569602103137,-97.95531125950947,-34.86070023299425,-93.05266352244921
0.026149891119838186,-99.14814781119871,-94.61881650175701,-33.74808160821803,-89.71301137618954
0.029293627509817958,-96.18995519137121,-91.66181197043686,-32.761904672600004,-86.75244727770007
0.03243736389979773,-93.53361607266967,-89.0067954846454,-31.876336414460834,-84.0934696168834
0.035581100289777505,-91.12319309958094,-86.59782960141692,-31.072732194128942,-81.68014159514085
0.03872483667975728,-88.91698796107924,-84.39321592064424,-30.337193842433358,-79.47076552607662
0.04186857306973705,-86.88308437676642,-82.36103806837318,-29.659083987037075,-77.4334258168223
0.04501230945971683,-84.9965091084191,-80.4763227070248,-29.0300797217775,-75.54314997715623
0.0481560458496966,-83.2373535951131,-78.71916116984931,-28.443546484405324,-73.78003025325971
0.05129978223967637,-81.5894907610784,-77.07342626842978,-27.894110325487937,-72.12794043470619
0.05444351862965614,-80.03967411899934,-75.52587139581597,-27.37735760926742,-70.57363495715552
0.057587255019635915,-78.5768901462949,-74.06548290268609,-26.889619138904656,-69.10610127813297
0.060730991409615694,-77.19188301951002,-72.68300483172455,-26.427811734477714,-67.71608461101275
0.06387472779959547,-75.87679943212069,-71.37058373541426,-25.989319838797847,-66.39573274243048
0.06701846418957523,-74.62491883135078,-70.1214989128494,-25.57190559624454,-65.13832626870938
0.07016220057955501,-73.43044554985579,-68.92995454146248,-25.173639563233323,-63.93807072718113
0.07330593696953479,-72.28834653592087,-67.79091740723659,-24.792846618189838,-62.78993432598775
0.07644967335951455,-71.19422318179639,-66.6999887330937,-24.428063237577863,-61.68951977203672
0.07959340974949433,-70.14420899771005,-65.65330185294277,-24.078003387153743,-60.6329619446084
0.0827371461394741,-69.13488711913932,-64.64743971900053,-23.741531024311993,-59.61684540221753
0.08588088252945388,-68.16322320597845,-63.67936780101121,-23.41763773106557,-58.63813728135686
0.08902461891943365,-67.22651041095064,-62.7463790547095,-23.105424370112427,-57.69413226447327
0.09216835530941342,-66.32232390242584,-61.84604844469358,-22.804085925706666,-56.78240710233658
0.0953120916993932,-65.44848301770833,-60.97619509777732,-22.51289888802878,-55.90078276687035
0.09845582808937296,-64.60301956018202,-60.13485060018701,-22.231210685507513,-55.04729274781959
0.10159956447935274,-63.78415108102808,-59.32023227935025,-21.9584307786798,-54.22015633398871
0.10474330086933252,-62.99025823364722,-58.53072055837465,-21.694023111619725,-53.417755967163735
0.10788703725931229,-62.21986547780354,-57.76483966026718,-21.437499679953845,-52.63861794575409
0.11103077364929206,-61.47162455595794,-57.021241084329006,-21.188415022945783,-51.88139590060394
0.11417451003927183,-60.74430027716902,-56.298689390128665,-20.94636148478115,-51.144856578365186
0.11731824642925161,-60.036758232339835,-55.596049912823176,-20.710965119645227,-50.427867556207964
0.12046198281923139,-59.34795413425987,-54.91227810327105,-20.481882138409677,-49.72938658131142
0.12360571920921115,-58.676924531195944,-54.24641024169952,-20.25879581318254,-49.04845228389821
0.12674945559919093,-58.02277868697515,-53.59755531786475,-20.04141377070215,-48.38417605674959
0.1298931919891707,-57.38469145602528,-52.96488790617154,-19.82946561739821,-47.73573492967174
0.13303692837915046,-56.761897010574884,-52.34764189295294,-19.622700848522538,-47.10236529611166
0.13618066476913024,-56.153683300550206,-51.74510493644896,-19.420887001527927,-46.483357372462436
0.13932440115911002,-55.559387145815165,-51.15661355913164,-19.22380802024723,-45.87805028970607
0.1424681375490898,-54.97838987607237,-50.58154878768797,-19.031262801644452,-45.28582773270762
0.14561187393906957,-54.4101134466832,-50.01933226892816,-18.843063901226504,-44.70611405542388
0.14875561032904933,-53.854016969402124,-49.469422800608314,-18.65903637678152,-44.13837081102129
0.1518993467190291,-53.30959360594741,-48.93131322508773,-18.479016753085045,-43.58209364482107
0.15504308310900888,-52.776367779800275,-48.40452764122145,-18.302852092707212,-43.03680950547214
0.15818681949898866,-52.25389266790159,-47.888618896146234,-18.130399160144577,-42.502074136013384
0.16133055588896844,-51.74174793918553,-47.38316632390716,-17.96152366825736,-41.977469811769446
0.1644742922789482,-51.23953771136592,-46.88777370234054,-17.79609959748749,-41.4626032964977
0.16761802866892797,-50.74688870117526,-46.402067403405766,-17.634008579589036,-40.95710399198105
0.17076176505890775,-50.2634485464877,-45.925694715404816,-17.475139338685747,-40.46062225950328
0.17390550144888753,-49.78888428150313,-45.458322318266326,-17.31938718338185,-39.97282789438436
0.1770492378388673,-49.32288094854343,-44.99963489543758,-17.166653544444227,-39.49340873712264
0.18019297422884706,-48.865140332027146,-44.54933386796015,-17.01684555324741,-39.022069406716554
0.18333671061882684,-48.415379801942265,-44.107136238044234,-16.869875656755557,-38.55853014348205
0.18648044700880662,-47.97333125564877,-43.67277353097129,-16.725661265320568,-38.1025257501983
0.1896241833987864,-47.53874014814158,-43.24599082545963,-16.584124430008153,-37.653804621713824
0.19276791978876617,-47.11136460204963,-42.826545863768615,-16.445191546546372,-37.21212785428974
0.19591165617874592,-46.690974589629036,-42.41420823379407,-16.30879308331632,-36.77726842693477
0.1990553925687257,-46.27735117987307,-42.00875861628475,-16.174863331096248,-36.349010447860564
0.20219912895870548,-45.87028584461801,-41.60998809105344,-16.043340172519436,-35.927148459931956
0.20534286534868526,-45.469579818180435,-41.217697496721016,-15.914164869427063,-35.511486799650974
0.20848660173866504,-45.07504350564747,-40.83169683911437,-15.787281866491947,-35.1018390047954
0.2116303381286448,-44.686495935451084,-40.451804743947726,-15.662638609658739,-34.69802726634327
0.21477407451862457,-44.30376425230623,-40.07784794987103,-15.540185378096893,-34.299881920764605
0.21791781090860435,-43.92668324699672,-39.70966083836301,-15.419875128495473,-33.907240979162076
0.22106154729858413,-43.55509491983809,-39.347084997305814,-15.301663350646637,-33.5199496900937
0.2242052836885639,-43.18884807496856,-38.9899688153846,-15.185507933369678,-33.13786013322578
0.22734902007854366,-42.827797942888054,-38.6381671047389,-15.07136903991881,-32.760830841238636
0.23049275646852344,-42.47180582892253,-38.291540749536864,-14.95920899210277,-32.38872644766096
0.23363649285850321,-42.12073878550174,-37.94995637836548,-14.848992162415247,-32.02141735852277
0.236780229248483,-41.77446930634481,-37.61328605852745,-14.740684873543813,-31.658779445920345
0.23992396563846277,-41.43287504081745,-37.2814070105122,-14.63425530468174,-31.300693761758893
0.24306770202844252,-41.09583852688705,-36.954201341061705,-14.52967340412073,-30.947046270096617
0.2462114384184223,-40.76324694124018,-36.631555793402946,-14.42691080765009,-30.5977275966589
0.24935517480840208,-40.43499186525907,-36.313361513336304,-14.325940762330593,-30.252632794215657
0.25249891119838186,-40.110969065662005,-35.99951382998959,-14.226738055248331,-29.911661122629404
0.25564264758836164,-39.79107828872104,-35.6899120501499,-14.129278946890356,-29.574715842487368
0.2587863839783414,-39.47522306706229,-35.3844592651774,-14.0335411088138,-29.241704021322082
0.2619301203683212,-39.16331053813522,-35.0830621695884,-13.939503565308172,-28.91253635150826
0.2650738567583009,-38.855251273518405,-34.785630890474934,-13.847146638777408,-28.587126979002967
0.2682175931482807,-38.550959118294124,-34.492078826994224,-13.756451898590296,-28.265393342162422
0.2713613295382605,-38.2503510397884,-34.20232249922147,-13.667402113168652,-27.947256019930688
0.27450506592824025,-37.95334698503013,-33.91628140572423,-13.579981205103408,-27.632638588756354
0.27764880231822003,-37.65986974633327,-33.633877889258066,-13.49417420910401,-27.321467487639456
0.2807925387081998,-37.36984483445484,-33.355037010038345,-13.409967232604327,-27.013671890762076
0.2839362750981796,-37.08320035882126,-33.07968642608101,-13.327347418861034,-26.709183587196303
0.28708001148815937,-36.79986691435869,-32.80775628014587,-13.246302912395356,-26.40793686722352
0.29022374787813915,-36.51977747449461,-32.53917909285269,-13.166822826639953,-26.109868414834665
0.2933674842681189,-36.24286728993303,-32.27388966156894,-13.088897213664165,-25.8149172060115
0.29651122065809865,-35.969073792833626,-32.01182496470307,-13.012517035861315,-25.523024412422004
0.29965495704807843,-35.69833650605547,-31.752924071060207,-12.937674139491325,-25.234133310187946
0.3027986934380582,-35.430596957145355,-31.49712805394408,-12.864361229979348,-24.94818919340727
0.305942429828038,-35.16579859678083,-31.244379909712215,-12.792571848881188,-24.66513929213985
0.30908616621801777,-34.90388672139235,-30.99462448051029,-12.722300352431317,-24.384932694581526
0.31222990260799754,-34.64480839971286,-30.747808380933456,-12.653541891598064,-24.107520273175357
0.3153736389979773,-34.38851240301909,-30.503879928379213,-12.586292393575961,-23.832854614423724
0.3185173753879571,-34.13494913884494,-30.26278907687233,-12.520548544651318,-23.560889952182645
0.3216611117779369,-33.88407058796343,-30.024487354156886,-12.456307774382324,-23.291582104233402
0.32480484816791666,-33.63583024444657,-29.78892780186701,-12.393568241040976,-23.024888411942904
0.3279485845578964,-33.39018305862654,-29.55606491859797,-12.33232881826805,-22.760767682834285
0.33109232094787616,-33.14708538279217,-29.325854605711726,-12.272589082897216,-22.499180135902982
0.33423605733785594,-32.90649491946621,-29.098254115723833,-12.214349303908868,-22.240087349523726
0.3373797937278357,-32.66837067211957,-28.873222003125882,-12.157610432477917,-21.98345221180416
0.3405235301178155,-32.43267289818702,-28.65071807750933,-12.102374093083899,-21.729238873249944
0.3436672665077953,-32.199363064258826,-28.430703358864527,-12.04864257565541,-21.477412701615822
0.34681100289777506,-31.96840380332909,-28.213140034936433,-11.996418828724153,-21.227940238823727
0.34995473928775483,-31.73975887399088,-27.997991420526024,-11.94570645356723,-20.980789159837478
0.3530984756777346,-31.513393121474778,-27.78522191863448,-11.896509699320115,-20.7359282333908
0.3562422120677144,-31.28927244043218,-27.57479698335251,-11.848833459045096,-20.493327284470983
0.3593859484576941,-31.067363739373434,-27.366683084402478,-11.802683266743257,-20.25295715846646
0.3625296848476739,-30.8476349066746,-27.160847673249883,-11.75806529530173,-20.014789686894055
0.3656734212376537,-30.63005477807213,-26.95725915070132,-11.714986355369684,-19.77879765462371
0.36881715762763345,-30.414593105570194,-26.75588683591498,-11.673453895160478,-19.54495476852631
0.37196089401761323,-30.201220527689422,-26.55670093675141,-11.633476001179693,-19.313235627472743
0.375104630407593,-29.989908540990122,-26.359672521398565,-11.59506139988187,-19.083615693617727
0.3782483667975728,-29.780629472806922,-26.16477349120746,-11.558219460261634,-18.856071264905204
0.38139210318755257,-29.573356455135617,-25.971976554679365,-11.522960197387773,-18.63057944873586
0.38453583957753235,-29.368063399616492,-25.781255202548977,-11.48929427689187,-18.40711813674127
0.3876795759675121,-29.164724973561423,-25.592583683910295,-11.457233020426099,-18.185665980611706
0.39082331235749185,-28.96331657697466,-25.40593698333593,-11.426788412107843,-17.966202368927714
0.3939670487474716,-28.763814320521366,-25.221290798943357,-11.397973105972284,-17.74870740494952
0.3971107851374514,-28.566195004398605,-25.038621521362803,-11.370800434456827,-17.533161885318535
0.4002545215274312,-28.37043609806829,-24.857906213566658,-11.345284417945656,-17.319547279631017
0.40339825791741096,-28.176515720811324,-24.679122591519082,-11.321439775405103,-17.107845710842472
0.40654199430739074,-27.984412623067154,-24.50224900561046,-11.299281936145642,-16.898039936467434
0.4096857306973705,-27.79410616852212,-24.327264422840265,-11.278827052749156,-16.69011333053801
0.4128294670873503,-27.605576316914423,-24.15414840971515,-11.260092015205064,-16.484049866288228
0.4159732034773301,-27.418803607523795,-23.982881115831802,-11.243094466303203,-16.279834099533367
0.4191169398673098,-27.23376914331578,-23.813443258113264,-11.227852818335904,-16.07745115271321
0.4222606762572896,-27.050454575713303,-23.645816105671877,-11.214386271167102,-15.876886699572117
0.42540441264726936,-26.86884208996802,-23.479981465271337,-11.202714831731598,-15.678126950448569
0.42854814903724914,-26.68891439110647,-23.31592166736314,-11.19285933503334,-15.481158638149013
0.4316918854272289,-26.51065469042731,-23.15361955267289,-11.18484146671795,-15.285969004382123
0.4348356218172087,-26.33404669252661,-22.993058459314618,-11.178683787301505,-15.092545786730625
0.4379793582071885,-26.15907458283025,-22.83422221041072,-11.174409758144687,-14.900877206139311
0.44112309459716825,-25.985723015612177,-22.677095102198052,-11.1720437692694,-14.710951954898679
0.44426683098714803,-25.81397710248033,-22.521661892600065,-11.171611169123317,-14.522759185104945
0.4474105673771278,-25.643822401310974,-22.367907790247337,-11.173138296407291,-14.336288497577973
0.45055430376710753,-25.47524490561468,-22.215818443928875,-11.176652514090293,-14.151529931219963
0.4536980401570873,-25.30823103431718,-22.065379932457635,-11.18218224574761,-13.968473952798101
0.4568417765470671,-25.142767621939946,-21.91657875493494,-11.189757014369864,-13.787111447135716
0.45998551293704687,-24.978841909164863,-21.769401821398837,-11.199407483803554,-13.607433707697059
0.46312924932702665,-24.816441533770075,-21.62383644384242,-11.211165502997618,-13.429432427551582
0.4662729857170064,-24.655554521922486,-21.47987032758873,-11.225064153246526,-13.253099690704392
0.4694167221069862,-24.4961692798155,-21.337491563009785,-11.241137798637002,-13.078427963780236
0.472560458496966,-24.338274585639127,-21.196688617577728,-11.259422139924558,-12.905410088049113
0.47570419488694576,-24.181859581871457,-21.0574503282367,-11.279954272086176,-12.734039271781782
0.47884793127692554,-24.026913767880863,-20.919765894084662,-11.302772745818375,-12.564309082924838
0.48199166766690527,-23.873426992828612,-20.783624869355375,-11.327917633274813,-12.396213442084868
0.48513540405688504,-23.72138944886217,-20.64901715669025,-11.355430598364848,-12.229746615811987
0.4882791404468648,-23.57079166459027,-20.515933000691604,-11.385354971965306,-12.064903210173782
0.4914228768368446,-23.42162449883115,-20.384362981748353,-11.417735832431024,-11.901678164610912
0.4945666132268244,-23.27387913462519,-20.254298010125986,-11.45262009182738,-11.740066746065903
0.49771034961680416,-23.127547073505262,-20.12572932031333,-11.490056588349304,-11.580064543378088
0.5008540860067839,-22.98262013001665,-19.998648465618565,-11.53009618543736,-11.421667461936462
0.5039978223967637,-22.83909042647991,-19.873047313007884,-11.572791878153229,-11.264871718584367
0.5071415587867435,-22.69695038799059,-19.748918038180307,-11.618198907433527,-11.109673836769199
0.5102852951767233,-22.556192737648956,-19.62625312087224,-11.666374882905599,-10.956070641930761
0.513429031566703,-22.416810492014786,-19.505045340386722,-11.717379915020006,-10.804059257123114
0.5165727679566828,-22.278796956781513,-19.385287771341318,-11.771276757334913,-10.653637098864102
0.5197165043466626,-22.142145722664466,-19.266973779630256,-11.828130959877797,-10.504801873207683
0.5228602407366424,-22.006850661499012,-19.15009701859563,-11.888011034610805,-10.357551572034398
0.5260039771266222,-21.87290592254395,-19.034651425403833,-11.95098863414076,-10.211884469555589
0.5291477135166018,-21.740305928986125,-18.920631217622685,-12.017138744943257,-10.067799119027313
0.5322914499065816,-21.609045374642548,-18.80803088999595,-12.086539896516289,-9.925294349670288
0.5354351862965614,-21.479119220856617,-18.696845211411564,-12.159274388043691,-9.784369263792227
0.5385789226865412,-21.35052269358522,-18.58706922206053,-12.235428534336421,-9.645023234109804
0.541722659076521,-21.22325128067397,-18.478698230783753,-12.315092933032588,-9.507255901267076
0.5448663954665007,-21.09730072931765,-18.37172781260383,-12.398362755280663,-9.371067171547722
0.5480101318564805,-20.972667043704128,-18.266153806440148,-12.485338062407623,-9.236457214779403
0.5511538682464603,-20.84934648283912,-18.161972313004622,-12.576124151392417,-9.10342646242736
0.5542976046364401,-20.727335558550184,-18.059179692876675,-12.6708319323299,-8.971975605876235
0.5574413410264198,-20.606631033668883,-17.957772564756112,-12.769578341490714,-8.84210559489842
0.5605850774163996,-20.48722992038897,-17.85774780389201,-12.872486794067546,-8.71381763630738
0.5637288138063794,-20.369129478800552,-17.759102540687515,-12.979687681258499,-8.587113192795668
0.5668725501963592,-20.252327215598807,-17.66183415947918,-13.091318916988893,-8.461993981956415
0.570016286586339,-20.136820882967086,-17.565940297490656,-13.207526540328836,-8.33846197548808
0.5731600229763187,-20.022608477634254,-17.47141884396061,-13.328465380546051,-8.216519398582417
0.5763037593662985,-19.90968824010604,-17.378267939444825,-13.454299792765507,-8.096168729495641
0.5794474957562783,-19.798058654070974,-17.28648597529284,-13.585204473418568,-7.977412699303239
0.5825912321462581,-19.68771844598143,-17.196071593299816,-13.721365366090382,-7.8602542918391105
0.5857349685362379,-19.57866658481057,-17.10702368553447,-13.862980670059795,-7.744696743820031
0.5888787049262176,-19.47090228198633,-17.019341394344252,-14.010261965823725,-7.630743545156618
0.5920224413161973,-19.364424991503956,-16.93302411253918,-14.163435474276353,-7.518398439452252
0.5951661777061771,-19.259234410218713,-16.848071483756105,-14.322743469054792,-7.407665424692036
0.5983099140961569,-19.15533047832066,-16.764483403005393,-14.488445864971869,-7.298548754123458
0.6014536504861366,-19.05271337999418,-16.68226001740243,-14.660822009563164,-7.191052937331768
0.6045973868761164,-18.9513835442642,-16.601401727086373,-14.84017270974628,-7.0851827415121305
0.6077411232660962,-18.851341646032814,-16.521909186329534,-15.026822531632401,-6.980943192942359
0.610884859656076,-18.75258860730884,-16.443783304840093,-15.221122418914444,-6.878339578658914
0.6140285960460558,-18.655125598634495,-16.367025249262333,-15.423452684324,-6.77737744834051
0.6171723324360355,-18.558954040712702,-16.291636444878048,-15.63422643984789,-6.678062616403116
0.6203160688260153,-18.464075606239614,-16.217618577513544,-15.853893545302924,-6.5804011643108815
0.6234598052159951,-18.370492221946936,-16.144973595657053,-16.08294517224694,-6.484399443108043
0.6266035416059749,-18.2782060708592,-16.073703712791595,-16.32191910205924,-6.390064076176895
0.6297472779959546,-18.187219594771452,-16.003811409948895,-16.571405904696412,-6.297401962227651
0.6328910143859344,-18.09753549695343,-15.935299438490393,-16.832056179921388,-6.206420278526409
0.6360347507759142,-18.009156745086425,-15.868170823121641,-17.104589088158647,-6.117126484367698
0.639178487165894,-17.922086574439938,-15.802428865147187,-17.38980245689562,-6.02952832479887
0.6423222235558738,-17.83632849129547,-15.73807714597333,-17.68858482536147,-5.943633834603958
0.6454659599458535,-17.751886276625218,-15.675119530866631,-18.00192989155567,-5.859451342555065
0.6486096963358333,-17.66876399003446,-15.613560172976833,-18.33095396074423,-5.776989475940221
0.651753432725813,-17.586965973976312,-15.55340351763316,-18.676917176460407,-5.696257165376791
0.6548971691157928,-17.506496858249008,-15.494654306923936,-19.041249562965096,-5.617263649920728
0.6580409055057725,-17.427361564785596,-15.437317584569687,-19.425583250272375,-5.540018482482095
0.6611846418957523,-17.349565312747508,-15.381398701100988,-19.831792731531444,-5.464531535558253
0.6643283782857321,-17.273113623933526,-15.326903319352859,-20.262045682313804,-5.3908130072969405
0.6674721146757119,-17.198012328516754,-15.273837420288231,-20.718867852485168,-5.3188734279020355
0.6706158510656917,-17.12426757112319,-15.222207309164107,-21.205226983031615,-5.248723666395756
0.6737595874556714,-17.051885817265926,-15.172019622054542,-21.72464286092098,-5.180374937752062
0.6769033238456512,-16.980873860150357,-15.12328133274594,-22.281333935215407,-5.113838810416729
0.680047060235631,-16.911238827866534,-15.075999760020666,-22.88041611440608,-5.049127214230721
0.6831907966256108,-16.842988190986162,-15.03018257534668,-23.528177751433475,-4.986252448774757
0.6863345330155906,-16.77612977058227,-14.985837810991232,-24.23246878604333,-4.925227192153563
0.6894782694055703,-16.71067174669166,-14.942973868578717,-25.00326610708177,-4.866064510240287
0.6926220057955501,-16.646622667240678,-14.901599528113385,-25.85352051927494,-4.808777866402115
0.6957657421855299,-16.583991457456854,-14.86172395748942,-26.800472447779345,-4.75338113173016
0.6989094785755097,-16.522787429790128,-14.823356722512207,-27.867786870714365,-4.69988859579771
0.7020532149654894,-16.463020294369006,-14.786507797456155,-29.089207824770664,-4.648314977972841
0.7051969513554692,-16.404700170018913,-14.751187576186375,-30.515249204187604,-4.598675439313011
0.708340687745449,-16.34783759587127,-14.717406883873007,-32.22656395765998,-4.550985595071037
0.7114844241354288,-16.292443543594636,-14.68517698932915,-34.36403577678804,-4.505261527843888
0.7146281605254085,-16.23852943028043,-14.654509618005502,-37.209360569238434,-4.461519801397923
0.7177718969153882,-16.186107132018773,-14.625416965676907,-41.47210656900934,-4.419777475206336
0.720915633305368,-16.13518899820185,-14.597911712858435,-50.19296675970617,-4.3800521197370985
0.7240593696953478,-16.085787866595215,-14.572007039991528,-52.946261469064446,-4.342361832532379
0.7272031060853276,-16.037917079220037,-14.547716643443122,-42.39273993287189,-4.30672525512314
0.7303468424753073,-15.991590499092394,-14.525054752364063,-37.77302790505679,-4.273161590825784
0.7334905788652871,-15.946822527868932,-14.504036146456121,-34.77914822088564,-4.241690623470921
0.7366343152552669,-15.903628124451997,-14.484676174700837,-32.562604209707175,-4.212332737118078
0.7397780516452467,-15.862022824610802,-14.466990775106696,-30.803907466891065,-4.185108936813768
0.7429217880352265,-15.822022761679506,-14.450996495535824,-29.347674053381496,-4.160040870454705
0.7460655244252062,-15.783644688397722,-14.436710515675559,-28.106509151076622,-4.1371508518224225
0.749209260815186,-15.746905999963543,-14.424150670225131,-27.02635057454252,-4.116461884860367
0.7523529972051658,-15.711824758374515,-14.41333547337309,-26.071418578399634,-4.097997689269912
0.7554967335951456,-15.678419718137903,-14.404284144646661,-25.216804844407594,-4.081782727507452
0.7586404699851254,-15.646710353437472,-14.3970166362206,-24.44447360613391,-4.067842233271015
0.7617842063751051,-15.616716886851059,-14.391553661779648,-23.740947685801675,-4.056202241571553
0.7649279427650849,-15.588460319720319,-14.387916727036231,-23.0958933564666,-4.046889620491565
0.7680716791550647,-15.56196246428219,-14.386128162013039,-22.50121510956095,-4.03993210474162
0.7712154155450445,-15.537245977680296,-14.386211155208581,-21.950454601724708,-4.035358331134244
0.7743591519350242,-15.514334397983946,-14.388189789773786,-21.43837881919689,-4.033197876104113
0.7775028883250039,-15.493252182352975,-14.3920890818377,-20.960690198553813,-4.033481295414022
0.7806466247149837,-15.474024747497863,-14.397935021131943,-20.513817783823324,-4.03624016619749
0.7837903611049635,-15.45667851259717,-14.405754614076118,-20.094763673735923,-4.0415071315013416
0.7869340974949433,-15.441240944847872,-14.415575929499713,-19.700988078423553,-4.049315947505436
0.790077833884923,-15.427740607839219,-14.427428147191296,-19.330321896425144,-4.0597015336116264
0.7932215702749028,-15.416207212957268,-14.441341609482262,-18.98089926986637,-4.072700025610606
0.7963653066648826,-15.40667167404507,-14.45734787609026,-18.651104882552104,-4.088348832153471
0.7995090430548624,-15.39916616556379,-14.475479782467547,-18.339532299873806,-4.1066866947747975
0.8026527794448421,-15.393724184521645,-14.495771501921439,-18.044950690410516,-4.127753751736027
0.8057965158348219,-15.390380616461973,-14.518258611798146,-17.76627798838548,-4.151591605982342
0.8089402522248017,-15.389171805828445,-14.54297816404823,-17.502559061430397,-4.178243397532902
0.8120839886147815,-15.39013563105496,-14.569968760521313,-17.252947808469187,-4.207753880654151
0.8152277250047613,-15.39331158476081,-14.599270633370654,-17.01669237312177,-4.240169506198783
0.818371461394741,-15.398740859467622,-14.63092573098441,-16.79312284888777,-4.2755385095291665
0.8215151977847208,-15.406466439295588,-14.664977809901043,-16.58164099381913,-4.313911004484971
0.8246589341747006,-15.416533198140714,-14.701472533210902,-16.38171157837575,-4.355339083899271
0.8278026705646804,-15.42898800488559,-14.740457575996484,-16.192855070383445,-4.399876927217968
0.8309464069546602,-15.44387983625139,-14.781982738419337,-16.01464142232276,-4.447580915833005
0.8340901433446399,-15.461259897961547,-14.826100067124043,-15.846684773450729,-4.498509756802569
0.8372338797346196,-15.48118175495718,-14.87286398569978,-15.688638916017233,-4.552724615701079
0.8403776161245994,-15.503701471482536,-14.922331435017554,-15.54019340365102,-4.610289259420453
0.8435213525145792,-15.52887776194658,-14.974562024349636,-15.401070202748418,-4.671270209831701
0.8466650889045589,-15.556772153565417,-15.02961819427599,-15.271020805803168,-4.735736909314977
0.8498088252945387,-15.587449161901592,-15.087565392493808,-15.149823740124898,-4.8037618992774505
0.8529525616845185,-15.620976480541586,-15.14847226377185,-15.037282417099853,-4.875421012904005
0.8560962980744983,-15.657425186294828,-15.212410855432804,-14.933223276659714,-4.950793583527801
0.859240034464478,-15.696869961458063,-15.279456839908018,-14.837494189407654,-5.029962670168434
0.8623837708544578,-15.739389334871404,-15.349689756090912,-14.749963085267265,-5.113015301968239
0.8655275072444376,-15.785065943699673,-15.423193271422797,-14.670516782850145,-5.200042743464575
0.8686712436344174,-15.833986818108928,-15.500055466881498,-14.599059998205512,-5.2911407828726
0.8718149800243972,-15.886243691278219,-15.58036914731277,-14.535514515393164,-5.386410045823244
0.874958716414377,-15.941933337495398,-15.66423217985358,-14.479818504553819,-5.485956337310256
0.8781024528043567,-16.001157941440443,-15.75174786355123,-14.431925975950008,-5.589891014954991
0.8812461891943365,-16.064025502167603,-15.843025333689223,-14.391806360911467,-5.698331397105627
0.8843899255843163,-16.130650275767803,-15.938180004802343,-14.359444212819705,-5.811401209758271
0.8875336619742961,-16.201153261236286,-16.03733405690553,-14.334839023273823,-5.92923107683061
0.8906773983642758,-16.275662734700603,-16.14061697009218,-14.318005150451958,-6.05195905894993
0.8938211347542556,-16.35431483789636,-16.248166113389633,-14.308971858473658,-6.179731246649277
0.8969648711442354,-16.43725422763181,-16.360127394612928,-14.307783468325715,-6.312702414720088
0.9001086075342151,-16.52463479398068,-16.476655978956735,-14.314499622687523,-6.451036745468006
0.9032523439241948,-16.616620456113203,-16.597917085235633,-14.329195668828266,-6.5949086297894945
0.9063960803141746,-16.71338604605317,-16.724086870060763,-14.351963165699967,-6.744503556365435
0.9095398167041544,-16.81511829227519,-16.855353411867455,-14.38291052347335,-6.900019100894318
0.9126835530941342,-16.922016916983818,-16.99191780863592,-14.42216378612035,-7.06166602921588
0.915827289484114,-17.0342958632081,-17.133995405438455,-14.469867570313006,-7.229669530468238
0.9189710258740937,-17.15218467058148,-17.281817170683937,-14.526186176970029,-7.404270599158514
0.9221147622640735,-17.275930021956952,-17.43563124320955,-14.591304895346372,-7.585727588307538
0.9252584986540533,-17.405797486955276,-17.595704676317894,-14.665431523757817,-7.774317959777417
0.9284022350440331,-17.542073493317545,-17.762325409631536,-14.748798136024117,-7.970340262665555
0.9315459714340129,-17.685067562731472,-17.93580450543398,-14.84166312870398,-8.17411637644634
0.9346897078239926,-17.835114854877226,-18.116478693244062,-14.944313591440677,-8.385994062620169
0.9378334442139724,-17.992579072121337,-18.304713275052542,-15.057068051568924,-8.606349877311777
0.9409771806039522,-18.15785578799553,-18.500905454357476,-15.180279654973909,-8.835592507969775
0.944120916993932,-18.331376275882032,-18.70548816542145,-15.314339858595103,-9.07416661060429
0.9472646533839117,-18.513611930904066,-18.918934495748967,-15.459682726648634,-9.322557240578304
0.9504083897738915,-18.7050793988401,-19.14176281560347,-15.61678994355442,-9.581294990788358
0.9535521261638713,-18.90634655220249,-19.374542754704947,-15.786196682958927,-9.850961977393954
0.9566958625538511,-19.118039487139022,-19.61790219976728,-15.968498505835992,-10.132198846773807
0.9598395989438309,-19.340850757820842,-19.8725355295391,-16.16435950371947,-10.425713020393236
0.9629833353338105,-19.57554912060372,-20.13921335963594,-16.374521958804024,-10.732288449891811
0.9661270717237903,-19.822991132817013,-20.41879414201847,-16.599817865271543,-11.052797227268796
0.9692708081137701,-20.084135046582006,-20.712238059518757,-16.841182751795817,-11.388213490593344
0.9724145445037499,-20.36005756511595,-21.020623782872264,-17.099672372276405,-11.739630192721986
0.9755582808937296,-20.651974199729835,-21.34516882846338,-17.376483002643937,-12.108279471259731
0.9787020172837094,-20.96126419784934,-21.687254487115215,-17.672976313736,-12.495557590124127
0.9818457536736892,-21.289501331863217,-22.048456613727954,-17.99071010975055,-12.903055742548233
0.984989490063669,-21.63849228424852,-22.430584013216958,-18.331476667458382,-13.332598451006493
0.9881332264536488,-22.01032499521855,-22.83572678899549,-18.69735104218042,-13.786291930344571
0.9912769628436285,-22.40743024639019,-23.266317927501582,-19.090752613811123,-14.26658568764937
0.9944206992336083,-22.832661081917752,-23.725212720214998,-19.514524474142988,-14.77635196034724
0.9975644356235881,-23.28939665023205,-24.215792606305282,-19.97203723846064,-15.318989575712436
1.0007081720135678,-23.78168007089797,-24.74210304042402,-20.4673268857669,-15.898561836347296
1.0038519084035475,-24.314404649140236,-25.309039708192454,-21.00528095005872,-16.519982754233105
1.0069956447935273,-24.8935703286027,-25.922604979950425,-21.59189495310443,-17.189273523970666
1.010139381183507,-25.526644786990204,-26.590269007416964,-22.23463348327323,-17.91392363991823
1.0132831175734869,-26.223085002023844,-27.321491290693505,-22.942951747766163,-18.703412484718093
1.0164268539634667,-26.995113284440016,-28.12849671234256,-23.729071594912522,-19.56998538600844
1.0195705903534464,-27.858913028455014,-29.02747128896263,-24.609177256900864,-20.52984939181409
1.0227143267434262,-28.836549993145763,-30.040483453713872,-25.605336626357893,-21.60509457814178
1.025858063133406,-29.959221277473883,-31.198733032519335,-26.748750229477977,-22.826943051589275
1.0290017995233858,-31.273112230693854,-32.548408155687255,-28.085608137434086,-24.241605888797437
1.0321455359133656,-32.850862603324785,-34.16215141013182,-29.688556121252752,-25.921749318019003
1.0352892723033453,-34.81665155638974,-36.164144849900175,-31.681780667874612,-27.991579760611533
1.038433008693325,-37.410555109968485,-38.79446744604992,-34.30536643847858,-30.691201313613345
1.041576745083305,-41.20130966515249,-42.621858609959766,-38.12805980321403,-34.5893793076286
1.0447204814732847,-48.25129199481342,-49.708698185412615,-45.212248847930766,-41.748520335771175
1.0478642178632644,-59.58529014204275,-61.07977734798993,-56.58273429230172,-53.193443193496705
1.0510079542532442,-44.37808874837221,-45.90988393947456,-41.41431483298894,-38.09896423634905
1.0541516906432238,-39.087315356288926,-40.65664876092943,-36.1646334886411,-32.922743757593246
1.0572954270332036,-35.78289325020749,-37.38999842682652,-32.9036304517792,-29.734738844582548
1.0604391634231833,-33.36462163920213,-35.00973554374235,-30.531123312898586,-27.434783627580416
1.0635828998131631,-31.450905386343535,-33.13426844237724,-28.66553682449932,-25.641319059660717
1.066726636203143,-29.863596648467695,-31.58545281910562,-27.12874458096065,-24.176234612946956
1.0698703725931227,-28.504974337811973,-30.265571199426734,-25.823048524452208,-22.94184780029844
1.0730141089831025,-27.31560607695858,-29.11519489477355,-24.689040948510318,-21.878766194079795
1.0761578453730822,-26.25663689714939,-28.095472702755785,-23.6878932495924,-20.948176192358833
1.079301581763062,-25.30126530787665,-27.179606978738246,-22.792832054793628,-20.123319160750523
1.0824453181530418,-24.430221711848862,-26.348332052862236,-21.984617700136905,-19.384969924352756
1.0855890545430216,-23.629186408909217,-25.587332236086127,-21.24896230336033,-18.71885485372553
1.0887327909330013,-22.88722719793696,-24.885679424279466,-20.574967440615694,-18.114089554358777
1.0918765273229811,-22.195808593985372,-24.234842317627283,-19.95413344475687,-17.56218817733479
1.095020263712961,-21.54813872657141,-23.628033321262905,-19.379706391603825,-17.056410417596826
1.0981640001029407,-20.93872458186508,-23.059763789878506,-18.846233437451122,-16.59131686311847
1.1013077364929205,-20.36306059415311,-22.525532621693788,-18.34925151377267,-16.162457700949563
1.1044514728829002,-19.817405311188658,-22.021602926395975,-17.885064104374006,-15.766149505412148
1.10759520927288,-19.29861783568601,-21.544838469314193,-17.450577807959704,-15.399311811437348
1.1107389456628598,-18.804035815483008,-21.092581664354842,-17.04318045942571,-15.05934524637226
1.1138826820528396,-18.33138292690678,-20.66256106023708,-16.660648755285436,-14.744039165687523
1.1170264184428194,-17.8786976892341,-20.252820157923765,-16.301077222092253,-14.451500631466619
1.1201701548327991,-17.444277967647366,-19.861661916653425,-15.96282288634045,-14.180099092178258
1.123313891222779,-17.026637190177254,-19.48760497406831,-15.644461672539943,-13.928422790445259
1.1264576276127587,-16.624469431399824,-19.1293487332112,-15.344753683576815,-13.695244052939398
1.1296013640027385,-16.236621291717594,-18.785745245225502,-15.062615293690866,-13.479491392751084
1.1327451003927183,-15.862069044401432,-18.45577635994021,-14.797096527928135,-13.280226898107724
1.135888836782698,-15.49989990888128,-18.138535002833596,-14.54736258844026,-13.096627767829897
1.1390325731726778,-15.149296587332818,-17.833209715428072,-14.312678666793664,-12.927971132703625
1.1421763095626576,-14.809524405089592,-17.53907179965185,-14.092397385197737,-12.773621505693962
1.1453200459526374,-14.479920545839441,-17.25546455713249,-13.88594836029285,-12.633020354656297
1.1484637823426171,-14.159884985012237,-16.981794226836133,-13.692829495933713,-12.505677403996089
1.151607518732597,-13.84887280969201,-16.717522309391818,-13.512599696727703,-12.391163357051834
1.1547512551225767,-13.546387678143555,-16.462159031199143,-13.344872759303641,-12.28910379619216
1.1578949915125565,-13.251976221866244,-16.2152577512389,-13.189312248639505,-12.199174067970253
1.1610387279025363,-12.965223231741783,-15.976410152162224,-13.045627206045143,-12.121094999947141
1.164182464292516,-12.685747500067997,-15.745242087458202,-12.913568566335174,-12.05462932673407
1.1673262006824958,-12.41319821408098,-15.521409980311905,-12.792926186368181,-11.999578727445288
1.1704699370724756,-12.147251815454327,-15.30459768865063,-12.683526406985814,-11.95578139661049
1.1736136734624554,-11.88760925534432,-15.094513765957451,-12.585230086603856,-11.92311008681454
1.1767574098524352,-11.633993586665142,-14.89088905954673,-12.49793105816076,-11.901470574785895
1.1799011462424147,-11.386147845068654,-14.69347459778733,-12.421554972499038,-11.890800514025381
1.1830448826323945,-11.143833178059296,-14.502039725715711,-12.356058501080884,-11.891068646893306
1.1861886190223743,-10.906827188173892,-14.31637045498151,-12.301428879660781,-11.902274357794633
1.189332355412354,-10.674922461491796,-14.136267999403927,-12.257683782525072,-11.924447557089731
1.1924760918023338,-10.447925257142948,-13.961547471820744,-12.224871524485721,-11.957648892935895
1.1956198281923136,-10.225654337128443,-13.792036721559118,-12.203071595282275,-12.001970295732336
1.1987635645822934,-10.007939918804553,-13.627575294894976,-12.192395538696275,-12.05753586749211
1.2019073009722732,-9.794622734917578,-13.468013503404869,-12.192988196818744,-12.124503136601668
1.205051037362253,-9.585553188205946,-13.31321158724428,-12.205029348869349,-12.203064707387412
1.2081947737522327,-9.380590589378478,-13.163038962180051,-12.228735784128265,-12.293450344071982
1.2113385101422125,-9.179602468793055,-13.017373540720937,-12.264363860371304,-12.395929540533569
1.2144822465321923,-8.982463953445142,-12.87610111897676,-12.312212613265064,-12.510814641348617
1.217625982922172,-8.789057201969596,-12.73911482197172,-12.372627499205178,-12.638464596625894
1.2207697193121518,-8.599270891292504,-12.606314601072853,-12.446004875000451,-12.779289454060905
1.2239134557021316,-8.41299974937012,-12.477606777995252,-12.532797343843406,-12.933755717678446
1.2270571920921114,-8.230144129138141,-12.35290363053468,-12.633520129789904,-13.102392735515071
1.2302009284820912,-8.050609619386728,-12.232123015771219,-12.748758684685308,-13.285800320209319
1.233344664872071,-7.874306688787204,-12.115188027000439,-12.879177785097013,-13.484657860091795
1.2364884012620507,-7.7011503597392394,-12.002026681093273,-13.025532446437422,-13.699735247993408
1.2396321376520305,-7.531059909091188,-11.892571633371826,-13.188681072782488,-13.931906046312674
1.2427758740420103,-7.363958593120861,-11.786759917425254,-13.369601381930373,-14.182163427925365
1.24591961043199,-7.1997733944555815,-11.684532707583962,-13.569409807442339,-14.451639594719053
1.2490633468219698,-7.038434788865475,-11.585835102027996,-13.78938529929735,-14.741629595427199
1.2522070832119496,-6.879876530087516,-11.490615924732248,-14.030998746620787,-15.053620766269454
1.2553508196019294,-6.724035451034082,-11.398827544650095,-14.295949665827246,-15.389329437787062
1.2584945559919092,-6.570851279912613,-11.31042571071366,-14.58621239014639,-15.750747143894566
1.261638292381889,-6.420266469935296,-11.225369401384544,-14.904094846259463,-16.140199418931445
1.2647820287718687,-6.272226041432326,-11.14362068762759,-15.252314243471378,-16.560421508197987
1.2679257651618485,-6.126677435301369,-11.06514460830378,-15.634095844158029,-17.014657160779443
1.2710695015518283,-5.9835703768316755,-10.989909057088312,-16.05330378341693,-17.506789472654198
1.274213237941808,-5.842856749035029,-10.917884680119215,-16.51461725749956,-18.041517099738265
1.2773569743317879,-5.704490474699471,-10.849044783670614,-17.023772346043813,-18.62459610596286
1.2805007107217676,-5.5684274064559,-10.78336525122519,-17.587901152708778,-19.263179131071745
1.2836444471117474,-5.434625224214549,-10.720824469393422,-18.21601937121654,-19.966302985233895
1.2867881835017272,-5.30304333938756,-10.661403262193476,-18.919747729464806,-20.74561012323276
1.289931919891707,-5.173642805367199,-10.605084833266753,-19.714416316646318,-21.61645300327375
1.2930756562816867,-5.046386233777104,-10.551854715660001,-20.620824857468214,-22.59965439461581
1.2962193926716665,-4.921237716056904,-10.501700728856964,-21.66819023497757,-23.724454935656393
1.2993631290616463,-4.798162749979038,-10.454612942791053,-22.89939413463046,-25.03376081523863
1.3025068654516259,-4.677128170731644,-10.410583648616194,-24.381090012682293,-26.594250780402227
1.3056506018416056,-4.558102086232424,-10.36960733605609,-26.22532374658992,-28.51799682842134
1.3087943382315854,-4.4410538163672,-10.331680677193631,-28.643191822068545,-31.016122437941167
1.3119380746215652,-4.3259538358720775,-10.296802516601906,-32.112611190979074,-34.56657247356607
1.315081811011545,-4.21277372060161,-10.264973867757188,-38.18773222779988,-40.72352619181669
1.3182255474015248,-4.10148609694642,-10.236197915712443,-66.94441652875507,-69.56287508659076
1.3213692837915045,-3.992064594182691,-10.210480026047847,-37.389249114384896,-40.09123517975651
1.3245130201814843,-3.8844837995534505,-10.187827760153052,-31.423475475378815,-34.20988406131936
1.327656756571464,-3.778719215897306,-10.16825089693465,-27.861469793609068,-30.73322923868202
1.3308004929614439,-3.6747472216547443,-10.151761461081836,-25.300447825441516,-28.258521054949544
1.3339442293514236,-3.5725450330951096,-10.138373758064645,-23.292705994198716,-26.338091859359025
1.3370879657414034,-3.472090668619552,-10.128104416081863,-21.637185427726443,-24.770920121363016
1.3402317021313832,-3.373362915005951,-10.12097243522109,-20.226114350559634,-23.449272904467918
1.343375438521363,-3.276341295472065,-10.116999244141518,-18.994951952974887,-22.308649822571212
1.3465191749113428,-3.1810060394421265,-10.116208764641586,-17.901968220202853,-21.307362962550723
1.3496629113013225,-3.0873380539106603,-10.118627484529037,-16.918617065852146,-20.416910117678782
1.3528066476913023,-2.9953188963048967,-10.12428453927124,-16.024506851986768,-19.6169454148779
1.355950384081282,-2.9049307487542846,-10.13321180296944,-15.204561892772512,-18.89244093336523
1.3590941204712619,-2.816156393682091,-10.145443989272387,-14.44732083476853,-18.231985208460777
1.3622378568612417,-2.728979190640126,-10.161018762924478,-13.743865796416973,-17.62671250388211
1.3653815932512214,-2.6433830543129737,-10.179976862731127,-13.087120954571285,-17.06960154122075
1.3685253296412012,-2.5593524336233924,-10.202362236821756,-12.471377448659249,-16.555000558140232
1.371669066031181,-2.476872291875052,-10.228222191199485,-11.891962260015932,-16.078296353881512
1.3748128024211608,-2.3959280878732407,-10.257607552688302,-11.34500168690881,-15.635677943763746
1.3779565388111406,-2.316505757967998,-10.290572847524837,-10.827248730433814,-15.223964139157882
1.3811002752011203,-2.2385916989680235,-10.327176496995634,-10.335954725752657,-14.84047538885196
1.3842440115911,-2.1621727518769123,-10.367481031694076,-9.868772269806067,-14.482936934560707
1.3873877479810799,-2.087236186406609,-10.411553326167411,-9.423680713059602,-14.149404549946835
1.3905314843710597,-2.0137696862257775,-10.45946485594698,-8.998928199667603,-13.838206849570154
1.3936752207610394,-1.9417613349035516,-10.511291979208314,-8.592986032229069,-13.547899946218955
1.3968189571510192,-1.871199602511645,-10.567116245596786,-8.204512343971764,-13.277231442027258
1.399962693540999,-1.8020733328501357,-10.627024735085456,-7.832322889297131,-13.0251115672057
1.4031064299309788,-1.734371731264425,-10.691110430111173,-7.47536734173468,-12.790589858707115
1.4062501663209586,-1.668084353022847,-10.759472624671425,-7.132709898308521,-12.572836181535745
1.4093939027109383,-1.6032010922263797,-10.832217374567952,-6.803513284214036,-12.371125190805664
1.4125376391009181,-1.5397121712235562,-10.909457993565137,-6.48702546664124,-12.18482354817246
1.415681375490898,-1.4776081305053748,-10.991315600906606,-6.182568545154758,-12.013379365508701
1.4188251118808777,-1.416879819056502,-11.077919726418958,-5.889529404350662,-11.85631346778794
1.4219688482708575,-1.357518385140536,-11.16940898034807,-5.607351803706778,-11.713212157252592
1.425112584660837,-1.2995152674983181,-11.265931796146296,-5.335529647444232,-11.583721229913479
1.4282563210508168,-1.2428621869395953,-11.367647255688729,-5.073601229379604,-11.467541048848416
1.4314000574407966,-1.187551138309568,-11.474726007880795,-4.821144288157948,-11.364422520660359
1.4345437938307763,-1.1335743828127516,-11.587351293374802,-4.577771739812832,-11.274163854765472
1.4376875302207561,-1.0809244406777592,-11.705720090195303,-4.3431279794276225,-11.196608012089726
1.440831266610736,-1.0295940841475113,-11.830044397554039,-4.11688566334192,-11.131640771901886
1.4439750030007157,-0.9795763307802635,-11.960552678101612,-3.898742899035491,-11.07918936416375
1.4471187393906955,-0.9308644370476642,-12.097491482425376,-3.6884207824126176,-11.039221630929895
1.4502624757806752,-0.8834518922169257,-12.24112728389895,-3.48566123237455,-11.011745694788242
1.453406212170655,-0.8373324125047815,-12.391748557193514,-3.2902250808201305,-10.996810125787997
1.4565499485606348,-0.7924999354917674,-12.549668140095767,-3.101890382950227,-10.994504611370584
1.4596936849506146,-0.7489486147858413,-12.715225926027244,-2.920450918277005,-11.004961147092367
1.4628374213405944,-0.7066728149251915,-12.888791944189506,-2.7457148572938546,-11.028355780010955
1.4659811577305741,-0.6656671065103676,-13.070769896043451,-2.5775035725332507,-11.06491095216037
1.469124894120554,-0.6259262615567374,-13.26160123148711,-2.4156505758770392,-11.114898509331756
1.4722686305105337,-0.5874452490585096,-13.461769866436711,-2.2600005666036265,-11.178643461335092
1.4754123669005135,-0.5502192307562591,-13.671807666617113,-2.1104085768538634,-11.256528605213616
1.4785561032904933,-0.5142435571001881,-13.89230085166635,-1.9667392030469686,-11.349000154029413
1.481699839680473,-0.4795137634019131,-14.123897511091242,-1.8288659133407412,-11.456574552831228
1.4848435760704528,-0.4460255661679037,-14.367316471808175,-1.6966704225554938,-11.579846712935717
1.4879873124604326,-0.41377485960812155,-14.623357819578464,-1.5700421271086873,-11.719499959354149
1.4911310488504124,-0.3827577123137696,-14.892915458614144,-1.4488775934698175,-11.87631806912294
1.4942747852403921,-0.35297036409840415,-15.176992202022262,-1.3330800944694956,-12.051199887510265
1.497418521630372,-0.32440922299703034,-15.476718030559349,-1.2225591885048899,-12.245177154580666
1.5005622580203517,-0.2970708624180219,-15.793372352753233,-1.1172303372938976,-12.459436370791558
1.5037059944103315,-0.27095201844317884,-16.12841136676859,-1.0170145583579102,-12.695345798139988
1.5068497308003113,-0.24604958727131723,-16.48350199447697,-0.9218381088702027,-12.95448906391547
1.509993467190291,-0.2223606228012281,-16.860564377734363,-0.8316321979043417,-13.23870735405148
1.5131372035802708,-0.19988233435000757,-17.261825667403613,-0.7463327244634796,-13.55015292394481
1.5162809399702506,-0.17861208450306865,-17.68988890890104,-0.6658800389742932,-13.891357728152823
1.5194246763602304,-0.15854738709228902,-18.14782241221948,-0.5902187261948179,-14.26532255481293
1.5225684127502102,-0.1396859052991636,-18.63927738053485,-0.5192974077190502,-14.675634437012173
1.52571214914019,-0.1220254498797915,-19.168645247427975,-0.45306856246698396,-15.126623789460227
1.5288558855301697,-0.10556397750899672,-19.741271979936386,-0.3914883637310573,-15.623578526179111
1.5319996219201495,-0.09029958924090907,-20.36375604260178,-0.33451653151163063,-16.173041853029176
1.5351433583101293,-0.07623052908361001,-21.044372558315033,-0.2821161990181325,-16.783236269665686
1.538287094700109,-0.06335518268559974,-21.79369378811511,-0.2342537923412459,-17.46468390199516
1.5414308310900888,-0.05167207613207405,-22.625526192298132,-0.19089892241696738,-18.231143426509988
1.5445745674800686,-0.041179874849109545,-23.55838015918892,-0.15202428850748234,-19.101079671970783
1.5477183038700484,-0.03187738261412547,-24.617882911132508,-0.11760559251807581,-20.100076407196838
1.550862040260028,-0.023763540671040348,-25.84096933249799,-0.08762146355493489,-21.26502705903613
1.5540057766500077,-0.0168374269488004,-27.283698947720254,-0.062053392207275446,-22.651951587886874
1.5571495130399875,-0.01109825538209817,-29.037268073750738,-0.04088567410951281,-24.352008544550262
1.5602932494299673,-0.006545375333229398,-31.265335558089795,-0.024105362406069353,-26.528820719048404
1.563436985819947,-0.0031782711142029013,-34.30953538693927,-0.011702228804197098,-29.523987665461494
1.5665807222099268,-0.0009965616084227449,-39.10463317832577,-0.003668732959048613,-34.27224211721199
1.5697244585999066,8.686661818707667e-12,-50.95538522201543,8.686661818707667e-12,-46.07830895479825
1.5728681949898864,-0.00018847354949933304,-45.18821471851081,-0.0006938059916098435,-40.268581372724235
1.5760119313798662,-0.001562003598265167,-37.127466457610716,-0.005750571417842906,-32.16737550174351
1.579155667769846,-0.004120745497163285,-32.98907572511198,-0.015173362343055097,-27.990599249699155
1.5822994041598257,-0.007864988763808164,-30.17604347351377,-0.028967899561688937,-25.141227417582932
1.5854431405498055,-0.012795157285983235,-28.038116149497583,-0.04714257561310442,-22.96898147498525
1.5885868769397853,-0.01891180963244694,-26.310690609681618,-0.06970847983251978,-21.209234426314552
1.591730613329765,-0.026215639462869905,-24.859654080944964,-0.09667943159208361,-19.727850724781174
1.5948743497197448,-0.03470747603750334,-23.607577056123873,-0.1280720219493746,-18.44737912459124
1.5980180861097246,-0.044388284827413194,-22.505679541159914,-0.16390566397739795,-17.31901888723096
1.6011618224997044,-0.05525916822613507,-21.521236016082955,-0.2042026521103346,-16.31002470405425
1.6043055588896842,-0.06732136636389027,-20.63122134986941,-0.24898823090312053,-15.397352575055471
1.607449295279664,-0.08057625802558548,-19.818819125995496,-0.29829067367156764,-14.564168100503252
1.6105930316696437,-0.09502536167397607,-19.071372119826005,-0.3521413715538516,-13.79779692644216
1.6137367680596235,-0.11067033657962011,-18.37911437808684,-0.4105749336149107,-13.088456794188081
1.6168805044496033,-0.12751298405932512,-17.734352427163806,-0.47362929870351655,-12.428438720445875
1.620024240839583,-0.14555524882499887,-17.130917265281763,-0.5413458598691172,-11.811558962998967
1.6231679772295629,-0.16479922044506484,-16.56378631170681,-0.6137696022529501,-11.232780945016481
1.6263117136195426,-0.18524713492063458,-16.02881573854792,-0.6909492554875385,-10.687947563465098
1.6294554500095224,-0.2069013763790002,-15.52254663457154,-0.7729374617719177,-10.173587330956142
1.6325991863995022,-0.2297644788870819,-15.042061834969614,-0.8597909609394352,-9.686771184892075
1.635742922789482,-0.2538391283877029,-14.584878311441773,-0.9515707940026668,-9.22500485820237
1.6388866591794617,-0.27912816476183405,-14.148865023382015,-1.04834252684957,-8.786146712393494
1.6420303955694415,-0.3056345840200806,-13.732179326501646,-1.1501764959791119,-8.368344129184464
1.6451741319594213,-0.333361540627011,-13.333217125003214,-1.2571480784078415,-7.969983646786911
1.648317868349401,-0.3623123499620621,-12.950573350112684,-1.3693379881556997,-7.589651423584916
1.6514616047393809,-0.39249049092115296,-12.583010299717714,-1.486832602035337,-7.226101563915139
1.6546053411293606,-0.42389960866324344,-12.229432034295877,-1.6097243178310299,-6.878230501086911
1.6577490775193404,-0.45654351750649536,-11.888863489978519,-1.738111948368658,-6.545056098447594
1.6608928139093202,-0.4904262039788581,-11.560433302815847,-1.8721011554564806,-6.225700462521383
1.6640365502993,-0.5255518300283245,-11.243359580013003,-2.011804928228786,-5.919375703957056
1.6671802866892798,-0.5619247363983244,-10.936938031434593,-2.1573441110641425,-5.6253720595508625
1.6703240230792595,-0.5995494461741557,-10.640532006583157,-2.308847986992946,-5.343047920521082
1.673467759469239,-0.6384306685065948,-10.353564081322684,-2.466454923374738,-5.071821411279446
1.6766114958592189,-0.6785733025193247,-10.07550891376566,-2.6303130876377256,-4.811163238093771
1.6797552322491986,-0.7199824414071141,-9.805887146276403,-2.8005812420592506,-4.560590584573349
1.6828989686391784,-0.7626633767321912,-9.544260174977534,-2.977429627962436,-4.319661875344457
1.6860427050291582,-0.8066216029265996,-9.290225642744032,-3.1610409513520787,-4.087972263883132
1.689186441419138,-0.8518628220088633,-9.04341353881285,-3.3516114839660096,-3.865149727618026
1.6923301778091178,-0.8983929485237705,-8.803482809586558,-3.549352296040986,-3.6508516748683135
1.6954739141990975,-0.946218114714611,-8.570118402274687,-3.7544906398653306,-3.4447619852488627
1.6986176505890773,-0.9953446759376837,-8.343028676680794,-3.967271506515537,-3.2465884188410095
1.701761386979057,-1.0457792163296322,-8.121943131450216,-4.187959382176883,-3.056060340435866
1.7049051233690369,-1.09752855473864,-7.906610400010868,-4.416840235289113,-2.8729267140761743
1.7080488597590167,-1.1505997509313028,-7.696796478703071,-4.654223771639677,-2.6969543303882393
1.7111925961489964,-1.2050001120875757,-7.4922831555415925,-4.9004460017081835,-2.5279262351440925
1.7143363325389762,-1.260737199597104,-7.292866612946484,-5.155872173378601,-2.3656403323890935
1.717480068928956,-1.3178188361708938,-7.098356181823932,-5.420900134009596,-2.2099081395166524
1.7206238053189358,-1.3762531132832534,-6.908573227736918,-5.695964199347977,-2.0605536750317093
1.7237675417089156,-1.4360483989597517,-6.723350152705715,-5.981539623616786,-1.9174124625466153
1.7269112780988953,-1.4972133459280015,-6.542529498522871,-6.278147786276632,-1.7803306368993401
1.730055014488875,-1.5597569001490188,-6.3659631394375635,-6.586362237733207,-1.6491641402557735
1.7331987508788549,-1.6236883097481214,-6.193511553726577,-6.906815780374981,-1.5237779977220713
1.7363424872688347,-1.6890171343654081,-6.02504316507623,-7.240208805114983,-1.404045663401724
1.7394862236588144,-1.7557532549472126,-5.860433745895054,-7.587319160282547,-1.289848429029313
1.7426299600487942,-1.8239068840012287,-5.6995658756955585,-7.949013903692651,-1.1810748883334845
1.745773696438774,-1.8934885763394973,-5.542328448554653,-8.32626338619617,-1.0776204511545218
1.7489174328287538,-1.9645092403349687,-5.388616224408867,-8.720158244726539,-0.9793869020907625
1.7520611692187336,-2.036980149719019,-5.238329419582971,-9.131930057319003,-0.8862819990924832
1.7552049056087133,-2.1109129559491637,-5.091373332504493,-9.562976649942534,-0.7982191079780826
1.7583486419986931,-2.186319701178012,-4.947658001035544,-10.014893371973933,-0.7151168693284828
1.761492378388673,-2.2632128318567353,-4.807097888268788,-10.48951211372792,-0.6368988946336286
1.7646361147786527,-2.34160521300834,-4.669611593995251,-10.988950486439899,-0.5634934889283056
1.7677798511686325,-2.4215101432086907,-4.535121589366189,-11.515674516742427,-0.49483339747178845
1.7709235875586122,-2.502941370315548,-4.403553972545842,-12.072579573122296,-0.4308555743033474
1.774067323948592,-2.5859131079888726,-4.274838243392406,-12.663096282455747,-0.37150097074904775
1.7772110603385718,-2.670440053048492,-4.148907095415276,-13.291331310955334,-0.31671434216954225
1.7803547967285516,-2.756537403718604,-4.025696223442144,-13.962257758839735,-0.2664440714272854
1.7834985331185313,-2.8442208788119725,-3.9051441455926588,-14.681977753757725,-0.22064200771873504
1.7866422695085111,-2.9335067379104847,-3.787192038299729,-15.458092814795158,-0.17926331956522254
1.789786005898491,-3.0244118026029296,-3.6717835832465755,-16.30023985007329,-0.14226636088782213
1.7929297422884707,-3.116953478845084,-3.5588648252010726,-17.220890490070644,-0.10961254920933194
1.7960734786784505,-3.2111497805122373,-3.448384039828704,-18.236586099454,-0.08126625513141549
1.79921721506843,-3.3070193542192383,-3.3402916106547735,-19.369928692435685,-0.05719470232972945
1.8023609514584098,-3.40458150548911,-3.2345399144258318,-20.65296140129565,-0.03736787739480095
1.8055046878483896,-3.503856226357025,-3.13108321419111,-22.133294019919767,-0.021758448923814767
1.8086484242383694,-3.6048642245035474,-3.0298775594878786,-23.886176945578615,-0.01034169533828353
1.8117921606283491,-3.707626954017952,-2.930880693071454,-26.041165922372596,-0.0030954409668805414
1.814935897018329,-3.812166647900595,-2.83405196368119,-28.851503674860282,8.686661818707667e-12
1.8180796334083087,-3.9185063524218218,-2.7393522443793676,-32.9291180664707,-0.0010381279077062633
1.8212233697982885,-4.026669963464348,-2.646743856040907,-40.60946706696349,-0.006194980206155986
1.8243671061882683,-4.136682264986401,-2.556190495608561,-48.76873992736466,-0.015458078018748744
1.827510842578248,-4.248568969754118,-2.4676571687616238,-35.74526617527646,-0.028817280530708735
1.8306545789682278,-4.36235676250401,-2.3811101266760613,-30.84213812757193,-0.046264763991941876
1.8337983153582076,-4.478073345709987,-2.296516806581122,-27.79160246136444,-0.06779500720689163
1.8369420517481874,-4.595747488143913,-2.213845775842038,-25.58949620168422,-0.09340478342016843
1.8400857881381671,-4.715409076435385,-2.133066679320604,-23.877067189508136,-0.12309315855401638
1.843229524528147,-4.837089169853982,-2.054150189785617,-22.484402977000745,-0.15686149579184752
1.8463732609181267,-4.960820058557102,-1.977067961163454,-21.31748952967857,-0.19471346654017985
1.8495169973081065,-5.086635325568221,-1.9017925844357477,-20.318819435773836,-0.23665506783992427
1.8526607336980863,-5.21456991277428,-1.8282975460061637,-19.4506449963103,-0.28269464633695407
1.855804470088066,-5.344660191257521,-1.75655718837231,-18.68685405411769,-0.33284292896254386
1.8589482064780458,-5.476944036306231,-1.6865466729511285,-18.008634953720534,-0.3871130605160377
1.8620919428680256,-5.611460907481391,-1.6182419449178949,-17.401989742994935,-0.44552064838627287
1.8652356792580054,-5.74825193415212,-1.5516196999292555,-16.856223897479527,-0.5080838146948012
1.8683794156479852,-5.887360006952836,-1.4866573526105,-16.362985751536357,-0.5748232561936535
1.871523152037965,-6.02882987565934,-1.4233330066959775,-15.915631763569866,-0.6457623123036776
1.8746668884279447,-6.172708254030637,-1.36162542671976,-15.508793385576947,-0.7209270417372147
1.8778106248179245,-6.31904393221836,-1.3015140111609216,-15.138073281167689,-0.8003463082113942
1.8809543612079043,-6.46788789740741,-1.2429787669547696,-14.799827155032082,-0.8840518758270989
1.884098097597884,-6.619293463420178,-1.1860002852875242,-14.491003795415514,-0.9720785147636861
1.8872418339878638,-6.773316410094191,-1.1305597185977363,-14.2090256464689,-1.064464118022874
1.8903855703778436,-6.930015133329527,-1.076638758713056,-13.951698194791696,-1.161249830047169
1.8935293067678234,-7.089450806799888,-1.0242196160557937,-13.717140226077596,-1.2624801881407328
1.8966730431578032,-7.251687556431074,-0.9732849998553571,-13.503729452710076,-1.3682032777349598
1.899816779547783,-7.416792648874246,-0.9238180993096239,-13.31005963440501,-1.4784709026691112
1.9029605159377627,-7.58483669534157,-0.8758025656413471,-13.13490641119332,-1.5933387718003653
1.9061042523277425,-7.755893872330275,-0.8292224949991294,-12.97719982439736,-1.7128667034198135
1.9092479887177223,-7.930042160940946,-0.7840624121558153,-12.836002031482685,-1.8371188491341248
1.912391725107702,-8.107363606700678,-0.7403072549602531,-12.710489098120528,-1.9661639390805195
1.9155354614976818,-8.287944602034528,-0.6979423595011379,-12.599936023315006,-2.100075550578516
1.9186791978876616,-8.471876193794905,-0.6569534459443116,-12.503704352790749,-2.2389324025907533
1.9218229342776412,-8.65925441856324,-0.6173266050072932,-12.421231883433173,-2.38281867867254
1.924966670667621,-8.850180668787463,-0.5790482850371068,-12.352024072109483,-2.5318243814413126
1.9281104070576007,-9.044762093220584,-0.5421052796595921,-12.295646845876336,-2.6860457220011513
1.9312541434475805,-9.243112035589027,-0.5064847159702088,-12.251720574584752,-2.8455855482229477
1.9343978798375603,-9.445350515954077,-0.47217404323835466,-12.219915016344904,-3.0105538163175587
1.93754161622754,-9.651604759850544,-0.4391610220987458,-12.199945084907018,-3.1810681107616974
1.9406853526175198,-9.86200978100687,-0.4074337142050969,-12.191567318444793,-3.3572542183583383
1.9438290890074996,-10.076709024291194,-0.37698047232267856,-12.194576953482734,-3.5392467630551607
1.9469728253974794,-10.29585507650917,-0.3477899308379017,-12.208805527273102,-3.7271899091274885
1.9501165617874592,-10.519610453830513,-0.319850996664112,-12.234118947923081,-3.921238141484689
1.953260298177439,-10.74814847597491,-0.29315284052418833,-12.270415984857294,-4.121557133214177
1.9564040345674187,-10.981654238886133,-0.2676848885915253,-12.317627143444108,-4.328324712076453
1.9595477709573985,-11.220325699515406,-0.24343681447207594,-12.375713897347826,-4.5417319395583
1.9626915073473783,-11.464374888585331,-0.22039853151107158,-12.444668260826406,-4.761984318342431
1.965835243737358,-11.714029269890368,-0.19856018540906265,-12.52451269114201,-4.9893031467379165
1.9689789801273379,-11.969533267906789,-0.17791214713255596,-12.615300318811219,-5.223927041833551
1.9721227165173176,-12.231149989355368,-0.15844500610561488,-12.717115510891997,-5.4661136570077895
1.9752664529072974,-12.499163169037455,-0.1401495636692671,-12.830074780179011,-5.716141624107167
1.9784101892972772,-12.773879375943245,-0.12301682679649621,-12.954328061362359,-5.974312756284391
1.981553925687257,-13.055630522558442,-0.10703800205109112,-13.090060384235079,-6.240954554415378
1.9846976620772367,-13.34477672878929,-0.09220448977934946,-13.23749398429971,-6.516423068509404
1.9878413984672165,-13.641709602396393,-0.07850787852417303,-13.396890903092798,-6.801106175997667
1.9909851348571963,-13.946856010808308,-0.06593993965166006,-13.5685561447971,-7.09542735176721
1.994128871247176,-14.260682435374061,-0.05449262218080481,-13.752841472981483,-7.399850020995834
1.9972726076371559,-14.583700019429777,-0.044158047807397544,-13.950149952548072,-7.714882606160889
2.0004163440271356,-14.916470447222041,-0.03492850611371884,-14.160941368425167,-8.041084405262673
2.0035600804171154,-15.259612823389082,-0.026796449955972124,-14.385738685882725,-8.379072470962855
2.006703816807095,-15.613811764568531,-0.01975449102190822,-14.625135759800642,-8.729529702206422
2.009847553197075,-15.97982696880543,-0.013795395551338175,-14.879806554831232,-9.093214414001702
2.0129912895870548,-16.358504598954404,-0.008912080212831217,-15.150516209355935,-9.470971721553878
2.0161350259770345,-16.750790909027703,-0.005097608129867158,-15.438134369275097,-9.863747167706078
2.0192787623670143,-17.157748665653504,-0.0023451850504577756,-15.743651341213635,-10.27260314585572
2.022422498756994,-17.58057708220463,-0.0006481556542152333,-16.068197780410983,-10.698738835910174
2.025566235146974,-18.020636207715754,8.686661818707667e-12,-16.413068853374725,-11.143514595404874
2.0287099715369536,-18.479477021352825,-0.00039433004798614113,-16.779754124244853,-11.608482056553376
2.0318537079269334,-18.958878913102087,-0.0018248864335525335,-17.16997484391481,-12.09542160990332
2.034997444316913,-19.46089683888021,-0.004285535184020557,-17.58573092866105,-12.606389562807781
2.038141180706893,-19.9879213105234,-0.007770264677797637,-18.029360787441547,-13.143778133177968
2.0412849170968728,-20.54275565536285,-0.01227318265899463,-18.50361843140651,-13.710392713234818
2.0444286534868525,-21.12871687757847,-0.017788513364296144,-19.011774196769228,-14.3095527354616
2.0475723898768323,-21.749769339619455,-0.024310594749219188,-19.557748298386283,-14.945225359058112
2.050716126266812,-22.410704976772635,-0.03183387581014353,-20.146290926283253,-15.622205689990283
2.053859862656792,-23.11739094625823,-0.04035291399839273,-20.7832297857448,-16.34636443602851
2.0570035990467717,-23.877117457969202,-0.04986237272289705,-21.475817827399073,-17.124995743906887
2.0601473354367514,-24.69909873352254,-0.06035701893821223,-22.233234113345908,-17.9673181652877
2.063291071826731,-25.59521586758389,-0.07183172081466616,-23.067326592731852,-18.88521752551101
2.066434808216711,-26.58115689277363,-0.08428144548764553,-23.993752087575416,-19.894386996456717
2.0695785446066908,-27.67823976059946,-0.0977012568832156,-25.033799200832306,-21.016150085985533
2.0727222809966706,-28.916476790624777,-0.11208631361719057,-26.217452698498388,-22.280525096190548
2.0758660173866503,-30.340057478961263,-0.12743186696517136,-27.588876256467472,-23.731707941572854
2.07900975377663,-32.01797678969171,-0.14373325890096128,-29.217040695414724,-25.438700450773325
2.08215349016661,-34.06697311399742,-0.1609859202009661,-31.218661888178968,-27.518248336664687
2.0852972265565897,-36.70920210976896,-0.17918536861233342,-33.81587455215165,-30.192515047615483
2.0884409629465694,-40.45651348182908,-0.1983272070825734,-37.52050898656635,-33.97335856010397
2.0915846993365492,-47.0430468798768,-0.21840712204862026,-44.066686931665224,-40.59492728997938
2.094728435726529,-65.6270036510524,-0.23942088178329418,-62.61259328973074,-59.21543186513462
2.097872172116509,-45.327103772206875,-0.26136433479723675,-42.27693300590918,-38.95360203678072
2.1010159085064886,-39.80058095949537,-0.28423340829452004,-36.71692619204713,-33.46668187944009
2.1041596448964683,-36.49382010867491,-0.3080241066801327,-33.378945500125745,-30.201067172196492
2.1073033812864477,-34.13818397154575,-0.3327325101176564,-30.99434279841013,-27.888132129741138
2.1104471176764275,-32.31428482067124,-0.35835477313556857,-29.14372081439214,-26.10850107877433
2.1135908540664072,-30.830731446473077,-0.38488712328051783,-27.635680116985064,-24.670795474602922
2.116734590456387,-29.583959621637966,-0.4123258598162485,-26.366649569118117,-23.47146438629673
2.119878326846367,-28.511558462158618,-0.44066735246659655,-25.27421267994861,-22.44811087970929
2.1230220632363466,-27.572995144646825,-0.46990804020131605,-24.31783231628501,-21.56021675806167
2.1261657996263263,-26.740450783419405,-0.5000444300633529,-23.469686576693412,-20.77997846366693
2.129309536016306,-25.99400289846877,-0.5310730960363784,-22.709851259386657,-20.087489571990822
2.132453272406286,-25.318893519471164,-0.562990677951328,-22.02356796905019,-19.468008923292174
2.1355970087962657,-24.703885239746004,-0.5957938804308688,-21.39960017653263,-18.91031670585506
2.1387407451862455,-24.14022344356769,-0.6294794718706264,-20.829195454830565,-18.405676714320045
2.1418844815762252,-23.620954814122776,-0.6640442834561602,-20.30540399870346,-17.947154890521624
2.145028217966205,-23.140464727368727,-0.6994852082146732,-19.822616033230943,-17.529156752212437
2.148171954356185,-22.694154236438248,-0.7357992001004586,-19.376238816028124,-17.147104414452123
2.1513156907461646,-22.278208965228906,-0.7729832731132057,-18.962465551845426,-16.797205522445434
2.1544594271361444,-21.88943021212706,-0.8110345004482282,-18.5781065206048,-16.476284396936286
2.157603163526124,-21.525109191194023,-0.8499500136777893,-18.22046334631977,-16.18165631965592
2.160746899916104,-21.182931829723202,-0.8897270019627015,-17.887233825946026,-15.911032377919147
2.1638906363060837,-20.860905624200463,-0.9303627112933928,-17.57643882035127,-15.6624463706022
2.1670343726960635,-20.557302692231293,-0.9718544437597634,-17.286365345145395,-15.43419791328424
2.1701781090860432,-20.270614898885842,-1.0141995568489972,-17.015521740021033,-15.224807621241737
2.173321845476023,-19.99951810994572,-1.0573954627707551,-16.762601969311476,-15.032981423039121
2.176465581866003,-19.742843431268046,-1.1014396278090144,-16.52645691323039,-14.857581864213792
2.1796093182559826,-19.499553857335123,-1.1463295716999375,-16.306071073138227,-14.697604824432835
2.1827530546459624,-19.268725152321093,-1.1920628670352187,-16.10054351447459,-14.552160471790321
2.185896791035942,-19.04953007521227,-1.2386371386902308,-15.909072159234194,-14.420457566151041
2.189040527425922,-18.841225270766337,-1.2860500632765106,-15.730940750149662,-14.301790433730407
2.1921842638159017,-18.643140303338377,-1.334299368617993,-15.565507964028008,-14.195528090382059
2.1953280002058815,-18.45466842651508,-1.3833828332505393,-15.412198267645753,-14.101105107021517
2.1984717365958613,-18.275258768949183,-1.4332982859441945,-15.270494197108249,-14.018013898113388
2.201615472985841,-18.104409683403812,-1.484043605247817,-15.139929808251429,-13.94579818082104
2.204759209375821,-17.941663057221838,-1.535616719055544,-15.020085096931401,-13.884047403683539
2.2079029457658006,-17.786599422129107,-1.5880156041947255,-14.910581227809166,-13.832391983445477
2.2110466821557804,-17.638833732293307,-1.6412382860349237,-14.811076441327364,-13.79049921975392
2.21419041854576,-17.498011703971986,-1.6952828381175256,-14.72126253307316,-13.758069781932797
2.21733415493574,-17.363806629433387,-1.750147381805742,-14.640861819167812,-13.734834681490671
2.2204778913257197,-17.23591659327344,-1.8058300859544973,-14.56962451687064,-13.72055265956422
2.2236216277156995,-17.114062031648533,-1.8623291665999733,-14.507326482103455,-13.715007931016938
2.2267653641056793,-16.99798358495486,-1.91964288666844,-14.453767255749451,-13.718008237060369
2.229909100495659,-16.887440202616457,-1.9777695557041692,-14.408768378867363,-13.729383166550571
2.233052836885639,-16.782207465282227,-2.036707529615987,-14.372171943775385,-13.7489827129261
2.2361965732756186,-16.682076095179593,-2.0964552104423806,-14.343839353606786,-13.776676039400373
2.2393403096655984,-16.586850629864237,-2.157011046134775,-14.323650267657948,-13.812350429739377
2.242484046055578,-16.496348238325144,-2.2183735303588215,-14.31150171382885,-13.855910405934855
2.245627782445558,-16.41039766149936,-2.2805412023134135,-14.307307352847802,-13.907276997473712
2.2487715188355377,-16.32883826183585,-2.3435126465672913,-14.310996881896994,-13.966387149829334
2.2519152552255175,-16.251519168716236,-2.4072864929129913,-14.32251556781437,-14.033193262358608
2.2550589916154973,-16.178298508365494,-2.4718614162379366,-14.341823902322625,-14.107662848063278
2.258202728005477,-16.1090427084278,-2.5372361364126297,-14.368897373797635,-14.189778309735676
2.261346464395457,-16.043625868690725,-2.6034094181955454,-14.403726351998147,-14.279536828917616
2.2644902007854366,-15.981929190553048,-2.670380071154908,-14.446316083989494,-14.376950365912206
2.2676339371754164,-15.923840458781232,-2.7381469496068944,-14.496686801256907,-14.482045770850435
2.270777673565396,-15.869253569912233,-2.806708952570391,-14.55487393976716,-14.594865007577615
2.273921409955376,-15.818068102358291,-2.8760650237380676,-14.620928476548276,-14.715465493935033
2.2770651463453557,-15.770188923870254,-2.9462141514636677,-14.694917388266532,-14.843920563921822
2.2802088827353355,-15.72552583253498,-3.0171553687655503,-14.776924239342256,-14.98032005928372
2.2833526191253153,-15.683993227931616,-3.0888877533462438,-14.867049909421352,-15.124771060350731
2.286496355515295,-15.645509809461318,-3.1614104276280885,-14.965413472579057,-15.27739876850503
2.289640091905275,-15.609998299204548,-3.2347225588048185,-15.072153243558322,-15.43834755558606
2.2927838282952546,-15.577385186955786,-3.308823358909127,-15.187428009737598,-15.607782198931975
2.2959275646852344,-15.547600495344234,-3.3837120848960875,-15.311418471503849,-15.78588932473748
2.299071301075214,-15.520577563175896,-3.4593880387425364,-15.444328918427075,-15.972879087128254
2.302215037465194,-15.496252845331224,-3.5358505675622447,-15.586389174281951,-16.16898711600143
2.3053587738551737,-15.474565727727782,-3.6130990637370597,-15.737856850779664,-16.37447677349885
2.3085025102451535,-15.455458356011732,-3.691132965063888,-15.899019958162487,-16.589641767269057
2.3116462466351333,-15.438875476778236,-3.7699517549176234,-16.070199930967416,-16.81480917882777
2.314789983025113,-15.424764290241734,-3.849554962429986,-16.251755139789125,-17.050342977850175
2.317933719415093,-15.413074313383976,-3.9299421626844206,-16.444084975428474,-17.296648108784403
2.3210774558050726,-15.403757252702711,-4.011112976926951,-16.64763461126935,-17.554175255631808
2.3242211921950524,-15.396766885768681,-4.093067072793235,-16.862900574238605,-17.823426415251774
2.327364928585032,-15.392058950873832,-4.175804164551721,-17.0904372858118,-18.1049614406561
2.330508664975012,-15.389591044121055,-4.259324013363147,-17.330864774314257,-18.399405755545544
2.3336524013649917,-15.389322523365806,-4.343626427556347,-17.58487781106809,-18.707459492641092
2.3367961377549715,-15.391214418474128,-4.428711262920528,-17.85325678965306,-19.02990837508084
2.3399398741449513,-15.395229347409703,-4.5145784230141555,-18.13688075511254,-19.367636747715096
2.343083610534931,-15.401331437706025,-4.601227859490568,-18.43674310597893,-19.721643281177528
2.346227346924911,-15.409486252919006,-4.688659572440344,-18.753970647395466,-20.09306002701003
2.3493710833148906,-15.41966072369037,-4.776873610750773,-19.089846884065867,-20.483175712575953
2.3525148197048704,-15.431823083083875,-4.865870072482419,-19.445840730241798,-20.893464452972744
2.3556585560948498,-15.445942805885318,-4.955649105262987,-19.823642214600497,-21.325621457798903
2.3588022924848295,-15.461990551582886,-5.0462109066987795,-20.225207322261692,-21.781607875025646
2.3619460288748093,-15.47993811076817,-5.137555724803758,-20.652814923717443,-22.263707721749046
2.365089765264789,-15.499758354719184,-5.22968385844652,-21.109139915684896,-22.774601026834347
2.368233501654769,-15.521425187946301,-5.322595657815441,-21.59734844163516,-23.317459053206775
2.3713772380447486,-15.544913503499334,-5.416291524902094,-22.121223698233493,-23.89607010602644
2.3745209744347284,-15.57019914085016,-5.5107719140033,-22.685334921871046,-24.51500852092812
2.377664710824708,-15.597258846179631,-5.606037332241954,-23.29526864916748,-25.17986592620805
2.380808447214688,-15.626070234911003,-5.702088340107018,-23.95795198584694,-25.89757451335978
2.3839521836046678,-15.656611756343953,-5.798925552012836,-24.682115626292585,-26.67687005826796
2.3870959199946475,-15.688862660254593,-5.896549636878082,-25.478976028460107,-27.528974097739866
2.3902396563846273,-15.722802965336783,-5.994961318724755,-26.363274344407778,-28.468632861634106
2.393383392774607,-15.758413429369387,-6.094161377297378,-27.354922407653667,-29.515763261799588
2.396527129164587,-15.795675521002657,-6.194150648702851,-28.48173842258539,-30.698188583049408
2.3996708655545667,-15.83457139306464,-6.294930026071245,-29.78427204908209,-32.05646356933192
2.4028146019445464,-15.875083857295644,-6.396500460237901,-31.324984989872597,-33.653055012623454
2.405958338334526,-15.917196360425441,-6.4988629604472035,-33.207566844814885,-35.591657608728575
2.409102074724506,-15.960892961513908,-6.602018595078483,-35.62372777812319,-38.06398662601455
2.4122458111144858,-16.006158310481297,-6.705968492394358,-38.99382646986417,-41.49040585839436
2.4153895475044656,-16.052977627759514,-6.81071384131192,-44.5910714197931,-47.14412893057976
2.4185332838944453,-16.101336685000614,-6.916255892197423,-65.1491265442851,-67.75882489210133
2.421677020284425,-16.15122178678282,-7.022595957684551,-46.38627357008652,-49.05278063621591
2.424820756674405,-16.202619753258716,-7.12973541351714,-39.87724108950569,-42.60072990838947
2.4279644930643847,-16.255517903693764,-7.237675699416485,-36.19920752426191,-38.979856319233825
2.4311082294543644,-16.309904040846924,-7.346418319974096,-33.62512656662349,-36.463118764338844
2.4342519658443442,-16.36576643614808,-7.4559648455699925,-31.64442975522384,-34.539954005505344
2.437395702234324,-16.423093815630377,-7.566316913317607,-30.035360398552278,-32.98861059580827
2.440539438624304,-16.481875346577866,-7.67747622803534,-28.681336863638457,-31.692512169745708
2.4436831750142836,-16.542100624851688,-7.789444563245764,-27.513432375496514,-30.582737244134897
2.4468269114042633,-16.6037596628603,-7.902223762202851,-26.487487056243193,-29.615131258679543
2.449970647794243,-16.666842878141548,-8.015815738947968,-25.573499307911277,-28.759697960232945
2.453114384184223,-16.731341082526143,-8.13022247939513,-24.750151837127174,-27.99512542892712
2.4562581205742027,-16.797245471854588,-8.245446042446506,-24.00175157798824,-27.305726002504564
2.4594018569641825,-16.864547616220708,-8.361488561138515,-23.31640904397648,-26.679615629690446
2.4625455933541622,-16.933239450717036,-8.478352243819478,-22.684899584220723,-26.107575127917716
2.465689329744142,-17.00331326665876,-8.59603937535946,-22.09992130730732,-25.58230810860698
2.468833066134122,-17.074761703264407,-8.714552318393192,-21.55559460757624,-25.09794050493847
2.4719768025241016,-17.147577739772608,-8.833893514596767,-21.047114644313748,-24.649673052527902
2.4751205389140813,-17.2217546879758,-8.954065485998989,-20.57050389593696,-24.233533845102976
2.478264275304061,-17.297286185152856,-9.075070836328255,-20.1224320816967,-23.846198257708146
2.481408011694041,-17.37416618738357,-9.196912252395904,-19.700082573215237,-23.484855359753777
2.4845517480840207,-17.45238896322917,-9.319592505516818,-19.30105159739526,-23.147107119449004
2.4876954844740005,-17.531949087763966,-9.4431144529684,-18.9232710216831,-22.830891190600397
2.4908392208639802,-17.6128414369441,-9.56748103948888,-18.56494839552176,-22.53442095561441
2.49398295725396,-17.69506118230023,-9.692695298815874,-18.224519817291288,-22.256138394001056
2.49712669364394,-17.77860378594186,-9.81876035526643,-17.900612468993376,-21.994676618637207
2.5002704300339196,-17.863464995861836,-9.945679425359591,-17.59201453235074,-21.74882979346121
2.5034141664238994,-17.94964084153,-10.073455819482467,-17.297650806966708,-21.51752875324478
2.506557902813879,-18.03712762976612,-10.20209294360142,-17.016562780714366,-21.299821075612947
2.509701639203859,-18.125921940882346,-10.331594301019111,-16.74789221090975,-21.094854663867636
2.5128453755938387,-18.21602062508644,-10.461963494178974,-16.4908674991992,-20.901864123545497
2.5159891119838185,-18.307420799137503,-10.593204226518417,-16.24479230835774,-20.720159380908704
2.5191328483737983,-18.400119843246312,-10.725320304371952,-16.00903599231564,-20.54911611468647
2.522276584763778,-18.49411539821324,-10.858315638925955,-15.783025503420856,-20.3881676650765
2.525420321153758,-18.58940536279675,-10.992194248226191,-15.566238511416685,-20.236798154486287
2.5285640575437376,-18.6859878913065,-11.12696025923996,-15.35819752268173,-20.094536608563274
2.5317077939337174,-18.783861391414966,-11.262617909974143,-15.158464830120531,-19.960951907902928
2.534851530323697,-18.88302452218244,-11.399171551651108,-14.966638156730706,-19.835648433461962
2.537995266713677,-18.983476192290244,-11.536625650943835,-14.78234688152461,-19.71826229435624
2.5411390031036567,-19.08521555847767,-11.674984792272285,-14.605248756787702,-19.60845804702633
2.5442827394936365,-19.188242024178507,-11.81425368016277,-14.435027041834594,-19.505925830933688
2.5474264758836163,-19.29255523835314,-11.95443714167218,-14.271387991397654,-19.41037885892322
2.550570212273596,-19.398155094512862,-12.095540128878985,-14.114058647247706,-19.32155121085335
2.553713948663576,-19.50504172993332,-12.237567721443314,-13.962784890135882,-19.239195887584323
2.5568576850535556,-19.613215525054045,-12.380525129237869,-13.817329716069843,-19.16308308933923
2.5600014214435354,-19.722677103061883,-12.524417695052293,-13.677471706613035,-19.09299868812807
2.563145157833515,-19.83342732965565,-12.669250897372777,-13.543003667570979,-19.028742868600403
2.566288894223495,-19.945467312990676,-12.815030353239734,-13.413731414297088,-18.97012891556102
2.5694326306134747,-20.05879840380132,-12.961761821185991,-13.289472685066446,-18.91698212959838
2.5725763670034545,-20.173422195699867,-13.109451204257429,-13.170056166649653,-18.869138854959974
2.5757201033934343,-20.28934052565157,-13.258104553119816,-13.055320618467611,-18.826445606057426
2.578863839783414,-20.40655547462409,-13.407728069253551,-12.945114083600892,-18.78875828087647
2.582007576173394,-20.52506936841153,-13.558328108239841,-12.839293176523817,-18.755941451164325
2.5851513125633736,-20.644884778632587,-13.709911183141141,-12.73772243878754,-18.727867720620623
2.5882950489533534,-20.766004523902872,-13.862483967978886,-12.640273755026675,-18.7044171434686
2.591438785343333,-20.888431671181582,-14.016053301311855,-12.546825822645847,-18.68547669676493
2.594582521733313,-21.012169537293328,-14.17062618991844,-12.4572636693815,-18.670939800646263
2.5977262581232927,-21.1372216906257,-14.326209812586473,-12.371478213655731,-18.660705881431088
2.6008699945132725,-21.263591953003807,-14.482811524014119,-12.28936586325824,-18.65467997311581
2.604013730903252,-21.39128440174291,-14.640438858825638,-12.21082814842823,-18.652772353339298
2.6071574672932316,-21.520303371881067,-14.799099535706134,-12.135771385870724,-18.654898210353057
2.6103012036832114,-21.65065345859345,-14.958801461659203,-12.064106370643803,-18.66097733793633
2.613444940073191,-21.782339519790366,-15.119552736391892,-11.995748093202705,-18.67093385554469
2.616588676463171,-21.915366678901695,-15.281361656831375,-11.930615479190923,-18.684695951285743
2.6197324128531507,-22.049740327850106,-15.44423672177809,-11.868631149835318,-18.702195645581423
2.6228761492431305,-22.18546613021637,-15.608186636700177,-11.809721201034645,-18.7233685736102
2.6260198856331103,-22.32255002459942,-15.773220318674044,-11.753814999436203,-18.748153784826496
2.62916362202309,-22.460998228175562,-15.939346901476823,-11.700844993974691,-18.776493558035764
2.63230735841307,-22.600817240459797,-16.106575740835677,-11.650746541506498,-18.808333230661386
2.6354510948030496,-22.742013847274023,-16.27491641984024,-11.603457745312426,-18.843621040980565
2.6385948311930294,-22.884595124926275,-16.444378754523623,-11.558919305365894,-18.882307982230234
2.641738567583009,-23.028568444605906,-16.614972799618812,-11.517074379373579,-18.924347667593967
2.644882303972989,-23.17394147699971,-16.786708854496563,-11.477868453693173,-18.969696205178856
2.6480260403629687,-23.320722197134796,-16.95959746929189,-11.441249223319241,-19.018312082178266
2.6511697767529485,-23.46891888945343,-17.13364945122609,-11.407166480206532,-19.070156057493787
2.6543135131429283,-23.618540153126844,-17.30887587113199,-11.375572009267842,-19.125191062159363
2.657457249532908,-23.769594907613794,-17.48528807018991,-11.346419491446696,-19.183382106972097
2.660600985922888,-23.922092398471598,-17.66289766688287,-11.319664413319252,-19.24469619679026
2.6637447223128676,-24.07604220342652,-17.841716564179173,-11.295263982730223,-19.309102251008554
2.6668884587028474,-24.231454238711635,-18.021756956951595,-11.273177050011887,-19.376571029765614
2.670032195092827,-24.388338765680416,-18.20303133964237,-11.253364034375332,-19.44707506547929
2.673175931482807,-24.546706397704824,-18.385552514183725,-11.235786855099345,-19.52058859934131
2.6763196678727867,-24.70656810736729,-18.569333598184368,-11.220408867174916,-19.597087522436357
2.6794634042627665,-24.867935233956192,-18.754388033392445,-11.207194801092813,-19.676549321179863
2.6826071406527463,-25.030819491275302,-18.94072959444619,-11.196110706488316,-19.7589530267961
2.685750877042726,-25.19523297577823,-19.12837239792439,-11.187123899381412,-19.84427916858284
2.688894613432706,-25.36118817503924,-19.317330911708602,-11.180202912772742,-19.9325097307308
2.6920383498226856,-25.52869797657265,-19.507619964670212,-11.175317450375266,-20.02362811248659
2.6951820862126654,-25.697775677013766,-19.699254756695993,-11.172438343280133,-20.11761909146658
2.698325822602645,-25.86843499167463,-19.892250869066434,-11.171537509371543,-20.214468789945922
2.701469558992625,-26.040690064488995,-20.086624275201487,-11.172587915320362,-20.314164643962354
2.7046132953826048,-26.21455547836183,-20.282391351790125,-11.175563541000415,-20.41669537508932
2.7077570317725845,-26.390046265938807,-20.47956889031945,-11.180439346183523,-20.522050964745215
2.7109007681625643,-26.567177920812455,-20.678174109021104,-11.18719123938133,-20.63022263091834
2.714044504552544,-26.745966409183204,-20.878224665253473,-11.195796048712417,-20.741202807198288
2.717188240942524,-26.92642818199336,-21.07973866833817,-11.206231494682664,-20.8549851240144
2.7203319773325036,-27.10858018755396,-21.282734692871877,-11.218476164776572,-20.97156439199233
2.7234757137224834,-27.29243988468483,-21.487231792533894,-11.232509489764562,-21.090936587347876
2.726619450112463,-27.47802525639046,-21.693249514412543,-11.248311721639785,-21.213098839246634
2.729763186502443,-27.66535482409353,-21.900807913873344,-11.265863913104488,-21.338049419064745
2.7329069228924228,-27.854447662451985,-22.109927569994376,-11.285147898532903,-21.46578773149482
2.7360506592824025,-28.04532341478389,-22.320629601594536,-11.306146276343528,-21.596314307446697
2.7391943956723823,-28.238002309128213,-22.53293568388259,-11.328842392719537,-21.729630798700484
2.742338132062362,-28.432505174969673,-22.746868065755844,-11.353220326621116,-21.86573997427486
2.745481868452342,-28.628853460658217,-22.962449587779442,-11.379264876038814,-22.004645718480305
2.7486256048423217,-28.827069251555187,-23.179703700878722,-11.406961545441499,-22.146353030632294
2.7517693412323014,-29.027175288939674,-23.398654485778508,-11.436296534376751,-22.290868026405096
2.754913077622281,-29.22919498971136,-23.619326673226006,-11.467256727186054,-22.43819794081269
2.758056814012261,-29.433152466927645,-23.84174566503551,-11.499829683800808,-22.588351132808334
2.7612005504022408,-29.639072551214724,-24.065937555994914,-11.534003631588801,-22.741337091499133
2.7643442867922206,-29.846980813095882,-24.29192915667766,-11.569767458224856,-22.8971664439782
2.7674880231822003,-30.056903586281443,-24.51974801720482,-11.607110705562178,-23.055850964780827
2.77063175957218,-30.26886799196817,-24.749422452005557,-11.6460235644846,-23.21740358697697
2.77377549596216,-30.482901964198966,-24.980981565626948,-11.686496870723035,-23.381838414917308
2.7769192323521397,-30.69903427633628,-25.214455279646998,-11.728522101622449,-23.549170738654976
2.7800629687421194,-30.917294568706104,-25.449874360748183,-11.772091373848802,-23.719417050070742
2.7832067051320992,-31.13771337747323,-25.687270450011937,-11.817197442028156,-23.89259506073403
2.786350441522079,-31.360322164811723,-25.926676093498912,-11.863833698313286,-24.068723721538348
2.789494177912059,-31.585153350439118,-26.168124774183408,-11.911994172876062,-24.247823244154873
2.7926379143020386,-31.812240344586463,-26.411650945314538,-11.961673535326367,-24.429915124353524
2.7957816506920183,-32.04161758248163,-26.65729006528165,-12.012867097061621,-24.615022167247087
2.798925387081998,-32.27332056042823,-26.905078634066584,-12.065570814553778,-24.803168514520387
2.802069123471978,-32.50738587356657,-27.15505423136978,-12.119781293583427,-24.994379673712253
2.8052128598619577,-32.74385125541113,-27.40725555650423,-12.175495794433772,-25.188682549625554
2.8083565962519375,-32.98275561926315,-27.66172247015682,-12.23271223806069,-25.386105477947865
2.8115003326419172,-33.22413910160371,-27.91849603812226,-12.291429213257254,-25.58667826117169
2.814644069031897,-33.46804310758137,-28.177618577123763,-12.351645984835526,-25.790432206912676
2.817787805421877,-33.714510358714705,-28.439133702841453,-12.41336250285129,-25.99740016873234
2.8209315418118566,-33.96358494293748,-28.703086380276098,-12.476579412900328,-26.207616589579416
2.8240752782018363,-34.215312367126984,-28.969522976588603,-12.541298067520184,-26.421117547976706
2.827219014591816,-34.469739612259545,-29.23849131656038,-12.607520538733194,-26.637940807086736
2.830362750981796,-34.72691519135461,-29.510040740835,-12.675249631772658,-26.858125866804514
2.8335064873717757,-34.98688921037348,-29.784222167108418,-12.744488900036707,-27.08171401903396
2.8366502237617555,-35.24971343225603,-30.061088154450317,-12.815242661320214,-27.30874840631996
2.8397939601517352,-35.51544134428899,-30.340692970951203,-12.887516015379575,-27.539274084020494
2.842937696541715,-35.784128229014335,-30.62309266490327,-12.961314862890292,-27.773338086218125
2.846081432931695,-36.055831238902776,-30.908345139740657,-13.036645925863402,-28.010989495586607
2.849225169321674,-36.330609475032276,-31.19651023297847,-13.113516769592017,-28.252279517444393
2.852368905711654,-36.60852407003209,-31.48764979941237,-13.191935826207184,-28.49726155824814
2.8555126421016337,-36.889638275570036,-31.781827798855126,-13.271912419927238,-28.74599130879538
2.8586563784916135,-37.17401755468481,-32.07911038871341,-13.353456794094559,-28.998526832432336
2.8618001148815932,-37.46172967928749,-32.379566021728074,-13.436580140100236,-29.25492865858265
2.864943851271573,-37.75284483318111,-32.68326554922765,-13.521294628306752,-29.515259881941365
2.868087587661553,-38.047435720977745,-32.99028233027424,-13.607613441088453,-29.779586267705817
2.8712313240515326,-38.34557768332075,-33.30069234710943,-13.69555080811967,-30.04797636324582
2.8743750604415124,-38.64734881885355,-33.614574327342325,-13.785122044052125,-30.3205016166498
2.877518796831492,-38.95283011341554,-33.93200987335965,-13.87634358873595,-30.59723650262078
2.880662533221472,-39.26210557698157,-34.25308359947508,-13.969233050151313,-30.87825865623472
2.8838062696114517,-39.57526238891003,-34.577883277382455,-14.063809250233978,-31.16364901512066
2.8869500060014315,-39.892391052108074,-34.90649999052199,-14.16009227379284,-31.45349197066782
2.8900937423914113,-40.21358555678182,-35.239028298026916,-14.258103520737333,-31.74787552892151
2.893237478781391,-40.53894355449081,-35.57556640897019,-14.357865761850093,-32.04689148188447
2.896381215171371,-40.86856654329626,-35.91621636770116,-14.459403198363852,-32.3506355900085
2.8995249515613506,-41.2025600648611,-36.26108425112955,-14.562741525624375,-32.659207776730454
2.9026686879513304,-41.54103391443855,-36.610280378894366,-14.667908001148026,-32.97271233598653
2.90581242434131,-41.8841023647734,-36.96391953744157,-14.774931517411435,-33.29125815372494
2.90895616073129,-42.23188440503609,-37.322121219130366,-14.88384267974271,-33.614958944533306
2.9120998971212697,-42.584503996016494,-37.6850098775963,-14.994673889720694,-33.94393350460638
2.9152436335112495,-42.942090342923095,-38.052715200715205,-15.107459434526296,-34.278305982394556
2.9183873699012293,-43.304778187263736,-38.42537240264577,-15.222235582735637,-34.61820616840825
2.921531106291209,-43.672708119433395,-38.80312253657532,-15.33904068709333,-34.96376980579956
2.924674842681189,-44.0460269137946,-39.186112829954865,-15.457915294858287,-35.3151389235054
2.9278185790711686,-44.42488788822181,-39.57449704419493,-15.578902266376284,-35.67246219392002
2.9309623154611484,-44.809451290283526,-39.96843586099547,-15.70204690260102,-36.03589531726874
2.934106051851128,-45.19988471246653,-40.36809729771508,-15.827397082362669,-36.4056014350848
2.937249788241108,-45.5963635391005,-40.77365715443702,-15.95500341026723,-36.781751575446
2.9403935246310877,-45.99907142793536,-41.185299495684895,-16.084919376208354,-37.16452513291964
2.9435372610210675,-46.40820082964119,-41.60321717005814,-16.217201527579377,-37.55411038648652
2.9466809974110473,-46.8239535488766,-42.027612371432745,-16.351909655398455,-37.95070505908517
2.949824733801027,-47.2465413509766,-42.45869724577828,-16.48910699569448,-38.35451692282674
2.952968470191007,-47.67618661878772,-42.89669454811997,-16.62886044766179,-38.76576445440722
2.9561122065809866,-48.11312306470765,-43.3418383547012,-16.77124081026611,-39.18467754577028
2.9592559429709664,-48.557596503588314,-43.79437483600818,-16.916323039187233,-39.6114982756817
2.962399679360946,-49.009865692861055,-44.25456309701264,-17.064186526215064,-40.04648174856818
2.965543415750926,-49.47020324701546,-44.722676091766246,-17.214915403474716,-40.489897007754536
2.9686871521409057,-49.9388966344777,-45.199001620391684,-17.368598875160764,-40.94202803114097
2.9718308885308855,-50.416249265958626,-45.68384341754022,-17.525331579801907,-41.403174818390305
2.9749746249208653,-50.90258168453158,-46.17752234257742,-17.685213986474977,-41.873654579884445
2.978118361310845,-51.398232869067826,-46.680377683123744,-17.84835282884179,-42.35380303907584
2.981262097700825,-51.903561664241884,-47.192768585160806,-18.014861581411303,-42.843975861444264
2.9844058340908046,-52.418948352142806,-47.71507562474486,-18.184860983038966,-43.344550225097706
2.9875495704807844,-52.94479638266441,-48.247702538492064,-18.358479613382897,-43.85592655018206
2.990693306870764,-53.4815342823192,-48.79107813248897,-18.53585452886757,-44.37853040675179
2.993837043260744,-54.02961776401749,-49.34565839216391,-18.71713196566394,-44.912814623635676
2.9969807796507237,-54.589532063752515,-49.91192881906226,-18.902468118333285,-45.45926162423976
3.0001245160407035,-55.16179453411989,-50.4904070244541,-19.092030004109407,-46.01838601921564
3.0032682524306833,-55.74695752930742,-51.08164561440985,-19.28599642436229,-46.59073749062792
3.006411988820663,-56.3456116217748,-51.6862354065629,-19.484559036649166,-47.176904007839546
3.009555725210643,-56.95838919745695,-52.30480902539529,-19.68792355296285,-47.77751542194997
3.0126994616006226,-57.58596848424286,-52.93804493079533,-19.89631108242643,-48.39324749353412
3.0158431979906024,-58.22907807793449,-53.58667194409226,-20.10995963983416,-49.02482641788666
3.018986934380582,-58.88850204127765,-54.251474347163736,-20.329125845236526,-49.67303392336724
3.022130670770562,-59.56508566541168,-54.93329764395732,-20.554086844347736,-50.338713032184955
3.0252744071605417,-60.259741999764024,-55.63305509045578,-20.785142485119245,-51.02277458965421
3.0284181435505215,-60.97345927676005,-56.35173511945561,-21.022617792600006,-51.72620468828821
3.0315618799405013,-61.70730938264612,-57.09040981145738,-21.266865792515652,-52.450073138029474
3.034705616330481,-62.4624575564491,-57.85024459368831,-21.518270744239434,-53.19554316463694
3.037849352720461,-63.240173537135654,-58.63250938732559,-21.777251856509686,-53.96388255629613
3.0409930891104406,-64.04184442646391,-59.438591470408575,-22.044267575055084,-54.756476525942944
3.0441368255004204,-64.86898959451514,-60.270010383428634,-22.319820551124327,-55.57484261628599
3.0472805618904,-65.723278029957,-61.128435279650446,-22.6044634249357,-56.42064804958405
3.05042429828038,-66.60654863259171,-62.01570521771408,-22.898805589896206,-57.29573001972305
3.0535680346703598,-67.52083406801206,-62.933853016345736,-23.20352114419969,-58.202119546427014
3.0567117710603395,-68.46838896209547,-63.88513344890295,-23.519358289042028,-59.14206966931923
3.0598555074503193,-69.45172341868692,-64.87205676110578,-23.847150501239973,-60.11808896519255
3.062999243840299,-70.47364311397556,-65.89742876546786,-24.187829898088566,-61.132981641999834
3.066142980230279,-71.53729757962573,-66.96439912446573,-24.542443331803838,-62.189895821599926
3.0692867166202586,-72.64623876731433,-68.0765199151317,-24.912171911109997,-63.29238210394997
3.0724304530102384,-73.80449263927177,-69.23781721963364,-25.298354864828354,-64.44446515729764
3.075574189400218,-75.01664742395779,-70.45287938099754,-25.702518960515665,-65.65073197354475
3.078717925790198,-76.28796342048764,-71.72696680758241,-26.126415106023927,-66.91644167237152
3.0818616621801778,-77.62451099104867,-73.06614996553706,-26.57206434705727,-68.24766349337278
3.0850053985701575,-79.03334589689668,-74.47748471485424,-27.041816312598325,-69.65145213180334
3.0881491349601373,-80.52273480246899,-75.96923781353351,-27.538424383040734,-71.13607324245889
3.091292871350117,-82.10244922400328,-77.55118086626952,-28.065143673170034,-72.71129738810464
3.094436607740097,-83.78415447186732,-79.23497926686733,-28.625860679729733,-74.38878898166425
3.097580344130076,-85.58193298597486,-81.03471553376886,-29.225267726705756,-76.1826296215487
3.100724080520056,-87.51300195333633,-82.96760692778948,-29.869102171372425,-78.1100357092559
3.1038678169100358,-89.59871874905468,-85.05501089338415,-30.56448155157133,-80.19236389058578
3.1070115533000155,-91.8660249054972,-87.32386902830496,-31.320384909210212,-82.45655502537761
3.1101552896899953,-94.3495802530626,-89.80884122523796,-32.148364171282154,-84.9372683295055
3.113299026079975,-97.09502533192241,-92.55556808529303,-33.06363162191394,-87.6801437892687
3.116442762469955,-100.16417341449944,-95.62586294407672,-34.08679057952843,-90.74699418958089
3.1195864988599347,-103.64368773352757,-99.10638910813464,-35.24672781308483,-94.22448235550148
3.1227302352499144,-107.66049298920741,-103.12407138324704,-36.5857507285117,-98.23953269369957
3.1258739716398942,-112.4113654076889,-107.87568619447177,-38.16945077201367,-102.98892135102909
3.129017708029874,-118.22596228322271,-113.69089134224053,-40.10771345282678,-108.8023061049686
3.132161444419854,-125.72227656263112,-121.18768155251982,-42.60653732961086,-116.29768252033065
3.1353051808098336,-136.2877121618588,-131.7534704830916,-46.12839793261226,-126.86247015838369
3.1384489171998133,-154.34911534258453,-149.81523718790564,-52.14901922525304,-144.92373134864638
3.141592653589793,-239.99973407328844,-239.999627120219,-6.020346362351379,-239.99946803166992
